mint,symbol,created_at_utc,complete,pool_address,market_cap_usd_at_snapshot,ath_market_cap_usd
4e1Ns9wRKjf9J6yUcdBGiuJF77BiqKynJu7VzjR6PDEs,DUCK,2026-09-02T13:25:48+00:00,False,JAPsoC2wps6MxT86YWE5PamJectWvsjsd6KifLGk9mwd,2743.6160306460138,5359.396541151959
4mr9dS8X1mDiLqRTzCkRoBNF5aYDevQQL1mQVpoLYGt1,Twins,2026-09-02T13:52:44+00:00,False,8w1zzqY34BxmFPY5H3JcvSqudRs4fCxAjbszGR9bmjPg,2937.0053281926785,9717.242208395239
3GqqTnRegQZtWU7oXQLZbfFHRL4Zh7YhmUcFBc7cP6Ac,HOLD,2026-09-02T13:57:22+00:00,False,5v5EpVQ6C8CBner4kBPZvjxVuMuMKUUtMzEWo8SDZEd8,2767.9403547931033,3813.48517006086
5ZST5QMhC5aetRac7FGwKxzBRNVoQNwyxBNE3vyugSjU,AGOSTINO,2026-09-02T14:00:15+00:00,False,CcEF1gMABmqyNeNtGwQ1h66s5SKcAh8PBLWa6eiNncPF,2769.7269982341018,3782.2721097249378
CyNoLGaaU9nzyJJcogPznGkuZ6HmkekVLgQD8YUwJv9h,AC,2026-09-02T14:05:38+00:00,False,FVJbsK8WPUUpMqt6EPeE3zbuin35nAu8hacGwqSH8xj4,2776.0463235765,6052.21485437916
6g6ZqU7B3DyqzUEWnFvjPNXPgfWQ71RbN6xCb1nmWaH3,super,2026-09-02T14:06:08+00:00,False,A7fpXwBGcMa99HwsNDrycNEFf8K13JrCYjcTwYjbagjJ,2779.226135296237,8549.839929216561
2rm4yvmfsvMZjWYiuNkzvthMzW7sk4FBK77tTfPsjkzN,solanacycle,2026-09-02T14:06:09+00:00,False,7x2ZsjcMC155gobXpEtipMfVgNXFHfuidjtmVZfXqnLg,2780.521902323765,5983.394193138156
26Nn7BE5aAdu1wh1KSsuNkp5T1sM3yy7g1wzBuUgJHaT,SOLANACYCLE,2026-09-02T14:06:50+00:00,False,F9C3Pvyujc7NK5heSPUcGfugqS67bWqJi1Xoa88CQ3Px,2779.836294568255,7767.260989522111
6qh7bZt3kH6nDctTPA6NUAA3o67eYSdxE5DUhnsDMQQ5,PUMP,2026-09-02T14:08:35+00:00,False,ERwQCa5Sf6BDUstKsfKu2dQP5a2DTJnQTzdij5VsrZUp,2927.773213057562,25018.60249248174
Bc7QstTQR94DKEWUPvU33quBd8hckVxwPF7CWMpQF5qt,PUMP,2026-09-02T14:09:59+00:00,False,767RDazpWSqAKPgRYQnj3jdVSGijsnhFcnzxHFUUyi6t,2763.4596496380145,4678.499666183437
4PK2h3sKNUukre8juCQRpwtLngdyQEVC7eC3AQfpAELJ,COIN,2026-09-02T14:10:45+00:00,False,GtupgMKsv3omh5x8GFSBU4w6F2BqhJDBSu6YRZzFYuEK,2780.2423164665797,9409.109182038223
4hMsGMTT4eTeSFWq75y9uMmY6WVTngmWPpGyaqpMiAyv,Pill,2026-09-02T14:12:32+00:00,False,3sdxMQb9kB85zRvLVtsTxAkqUUvBCnt65aosb5nfqmGq,3086.3625007249316,10925.783157499629
D3WWdUVxULQiC66KedQPv3bvGLN1AvaGudcwNCV2M1UE,camelstein,2026-09-02T14:13:07+00:00,False,D2ZQMvgZj33Bs8vTwNLTXoTmPvK8KPG8zq6HccvuZrnA,2780.521902045713,4345.369958363525
4ZKCuNc91EXNejH7qiFU7wz47r2geYarJgi24AWUwpoM,rubinhud,2026-09-02T14:14:38+00:00,False,9GWR9zNY611JWvzxb9tZ4UuYVvBjNhH8nkPBUfWsUUUH,2777.1668236607084,5083.544517474419
Db3AnNiFCpHpoN2BvArjuaek2YFtsxXNhXv1EnA7vf2o,BTC,2026-09-02T14:15:36+00:00,False,GQiFpEtMJx5AyaZa8MTwZNWNMCsi3kTiaaUKhyxKWDXX,2784.4361628970364,4367.33763538717
GnTCrLwojXTjj8zzEnQWKPA87JJnzpuk7zAMj2isSCsj,PUMPE,2026-09-02T14:19:05+00:00,False,BP3kzhyLMDa7yU2QFPpYZy2VGqm2L5q89VcfKow7Y3Fv,2867.212936822071,4668.450331448524
HmaHhC9vBh43gZnNTUFGNGP1A72jH1MXKjhHRWw2Ja8F,FAMI,2026-09-02T14:23:59+00:00,True,DSXvXbTdEGH9vAj5XUax8ByyEozsi8vJPGPkcqftGwC3,2170.8215234750337,72106.3179248266
6qYXocfhkiYRhP1fVC4h7wVY2CiYpBLpDzFFe1dc9ojU,FAMI,2026-09-02T14:24:44+00:00,False,GjNK6s9z98QEs9dbNYeneuS58BMKgQXmChUwfCWSJKRp,2763.4596478878234,4095.8453260416613
kMXPR8DUe8Uq99ridcSrZSCoDaPVoXNkeec96MoqTdf,khamoo,2026-09-02T14:35:41+00:00,False,CCLA6BGnD58KiwaQuVdYVzA9J9PJo3ovhUfCb6GwHYyR,2775.4892828484158,5684.335928605212
HKvyC6kVGff1TWRia8fWUguExfnYh1XS8wNnrQ49Rw41,Mushroom,2026-09-02T14:50:03+00:00,False,FSUiQdHuQx135JB9ZhK2W4KzBAJkgVMZPaWLzboM8EEc,2772.120741579732,9787.896317347953
Ey2MuRkjnBJbP54yVyuHnDq2pM6j6fq7ttzsWzejMYzV,Lucy,2026-09-02T14:52:13+00:00,False,6d1bfH2qhJf4w45pvqj3FPXBCFDfehqd7kkLgbmsj2U4,2778.2165463027477,7807.641173236791
D9PQqGuoke54rNHUczgbSZHDLLrexMB9KF4ukg78saTW,Lucy,2026-09-02T14:52:42+00:00,False,9S8eDsa3upa9bBxCCYANuwZnWv6b9kA4bVcivW9kvGxX,2772.97297417461,8184.629175319737
Dpfb4wnBzck1pPwkW12wtNRjzN3bZ4WNeD1nWuZmg5cJ,Lucy,2026-09-02T14:53:58+00:00,False,FgJz369a5QSfoWQZcdUpUmwmx8J8wHwCgWmNs4uudTe4,2770.177075430606,5371.6454175680055
2UzgCKB8KDmMn1x2qqyAkHV3kcyA17KFH4Ak4j2c4NES,ANALOS,2026-09-02T14:59:19+00:00,False,31v5PzW35f2GRjBY6TsZ9SBSavWhgXHxPYvbTLHZYX3h,2766.8219951460205,3806.529709619426
AmS719Gbbjd2WYNPZSG3tTR6PRAaP6HHDF2ofx6D8wZd,Drippy,2026-09-02T15:03:50+00:00,False,2hEk36vAYHJKrZJ4nn7p9isna9uYwBExQCJQEFc5w6WQ,2791.985091980261,5475.04664047334
DcfLTrFFAKvkvAJUYFiWVMBUo6Y27JdkUF63FyqXjhqT,errul,2026-09-02T15:08:46+00:00,False,EBGPLW15wwGYU4b2bupDvbqoPNAQBc3ppWyzxbeqydNh,2907.594875141971,9696.511425350855
9dmHcBViEQVVo9SuCdnsAW4e4Z8q9GAf61zKqhTFKRDW,mesk,2026-09-02T15:12:09+00:00,False,HWHqQf38U7wSYC9heNFH7QRsS5aDLyLzQN2ieF7bgYGf,2753.828797984121,4835.105330489256
3icsoKgrReaX2GwbtTK3zGHj3nNix6bjEGVpuYZPaz7Y,Bella,2026-09-02T15:12:14+00:00,False,A9h3LSwF4x2R7zESi9dXabNZ9SPt4DXPGHXmRkYT7r2d,2775.2354668367443,4905.474191422591
2FTEf49NtyD3iwr6E83tpZPw9myCb7XJN779YZyL5FC3,SSAI,2026-09-02T15:12:32+00:00,False,BQHSyaG4S7C8461V1EPkCombKV4ygLedAdRQhDR8Vhfv,2904.3989175576767,12707.098642632502
8PerNa8Spcjbgx2gmY4LsbRiz1Vss3jiKWbYJurH62pJ,SSAI,2026-09-02T15:13:16+00:00,False,G4JrF9CK3dnHAYVpHwGpEEXSzpusz6rzPzopTSzwrL2L,2761.762815827502,4164.127619076503
3CTZ12b7wXvF318PZZAknd1VCA4nreQvbWKPiHenMGGo,SSAI,2026-09-02T15:13:36+00:00,False,UwraQyFHY5KfG3MSCYU9CegzXs7ttjLnhzJwykQcY46,2761.7628152751467,4455.012976355199
84XiJW9WZfwBmWgQx8dBYP6iGZJukpLSHfXj997rGLWB,errul,2026-09-02T15:16:02+00:00,False,D7RmLe9JNJVo6hQndHLX9zfg3qvZS6q2MfRAeXjBbJEx,2758.1877241678294,6432.230882184509
Gyr6MjwKy7cnaci1zVDs8WwrsBz3cXhH5LLSziMn7KWo,SSAI,2026-09-02T15:16:34+00:00,False,5m3DdFmMGaZe7nhG27hTvRXmwZQwsKozhev8GgCr4FXz,2766.2628161062257,4108.637163465489
JEHVtmr8HgeR77KJzgqUNGVjSLHw8YL1XZTTnErQSwW7,SSAI,2026-09-02T15:19:22+00:00,False,HF1mmtGhXyKkLFy6WaBhGzNw8q3ZCJvA6QGG4UvH4h6v,2951.7783754005495,16727.12051948666
2fcgNkAPUrZkCZKThxJwQ6kVw9rUSykRDgfKmDg1vkJR,USDT,2026-09-02T15:21:23+00:00,False,EfX3gse7nWYMjQigjaNPtt7z5zDJHhAdjitkXaMrNCT5,2766.821994869338,3211.9524769112722
582AubVBjupMjMtdmQtme6WtYEo3PbLQApGJqdEtZzse,SOLANA,2026-09-02T15:21:25+00:00,False,CxzQdt1pKFQAZgHD73UwyUTzUtWpaVfQyNvjpCr6okUf,2766.821994777111,5395.681915227335
BfhUPhXJTZXLH5afKJdcWEB8hjJMGxVHBHgXBb1kfxZA,SOLANA,2026-09-02T15:22:01+00:00,False,7oho5zDYKH9RMrGAR4Mb3HfinS3EgZUeSwvBJXDBUjsu,2766.262816198455,10543.706754018827
EnGzNvVDEGLyFxnns8THUuuUgRG58qFjsAGyjk8DXtpU,CayEnne,2026-09-02T15:22:46+00:00,False,BL1bpAQfydWcKhLvx3zBHykbacxsjCFYn9AfbqvxAo2f,3282.750256295178,14213.19971384694
D7nULq9HeDdXQ7vfyE3YTXXvcKjSVVHRz73aN83wzie5,CayEnne,2026-09-02T15:23:04+00:00,False,CSKu8whi7FaZUNAwohRsWKn8B2kdMxHRGBwpZEbhbmab,2763.304753765772,4929.975393034142
6PUgwcr6bcbqBtr1xasSU76ELf6iML5BpM4t73MkPgyH,kui,2026-09-02T15:26:51+00:00,False,7ZRsSzaaSnfaWTKDa7PJ5Cju3pBFDSwKzJZdxrYaZuMW,2927.0270280027053,4811.413387355817
7Lcy5hsngSxjN5hgGGG5RMJSN5YqVtRA5vDVcAxspV4c,cooldog,2026-09-02T15:30:23+00:00,False,ChjQWGfrNdKEKU8WNC8FWjt7BamDKLEizVSuPqYxW19b,2774.2304767913815,7699.188368382768
5svviKUQbpfN4nPtj3hnFhCdpStWY4teiAHcaNhqb8oV,Solana,2026-09-02T15:33:01+00:00,False,3K6YT6EiUePziQqy4hftRJGbthrzoXZGuX9cjL2npUf8,2774.6046712098737,4931.000137508123
FEGqhzTrcVR3PsJ8zwtLjxqF4JHU2XsNV8qXHxBE5qaB,ADLANA,2026-09-02T15:33:06+00:00,False,2CrWyEVS4wptSTmm3SNbKsP5tgTn2bHeA8ZHoiqzKum5,2770.7362558961995,8432.903234768943
A8LEcNRxSkaxxqdLrEoEwQ5dudnUkECvpSTEyfoazji3,wif,2026-09-02T15:33:26+00:00,False,3Xnbk8pitX8agpQeyUN6CAubheLqdNsJSwS8WacUAr7D,2774.6505161886084,8410.948804117927
DNTEWirkWkmmkeLGXcDcwW3A1ZLo1yE7sYrLHmYs4qr3,ADLANA,2026-09-02T15:33:59+00:00,False,Gozfrp2WTsFNL9E2yZZivgLQJuMkiYUPAMYB1eKm5JKZ,2775.7688738935426,7718.2123877057
AhZnPrpzv5boZ8hPnQ5MTaAnQd2cxs6CSAeGKdnPUmsc,TH MOST IM,2026-09-02T15:35:29+00:00,False,6qPNrwpRz7zBWatAtSmmj9w6aC4dXjrVhKZfqnPkkf3n,2780.253394948819,4966.679611197335
AXrhwwv5qAbhs8HnSMsJKADiQGH3RW3NDu9U87jhcdjc,F,2026-09-02T15:38:28+00:00,False,4i1wfTGiMqzJL9FEvkTqwmTdiGmgUUnGjsETY1yCtMRA,2882.6943768920705,5932.657510511223
FxN3WWvKSDy6Z7yAEXFLaGGQYhBMugCd63Zk7R9onhSU,F,2026-09-02T15:38:39+00:00,False,6qRVBAmJyx9mJcq1KfWk4Skfw2jfbpSPzYd5E575T9RL,2771.4979345139877,3218.5854534410946
HDbHMoyYvYpuWE5ssrvwgcpHRR4EdyeEkrSBmDKVq8Ly,MIM,2026-09-02T15:40:07+00:00,False,9d4d4eQYmbsQE49FPU4jEbuPDTFUNgPiiCzs9u1XaaTc,2911.4337453749117,12494.27065387593
C4EqJsrwwgp192VDvhW2DkGS7dh5WMTHDnBqBYSLgeCi,funemployed,2026-09-02T15:40:38+00:00,False,6kGBQw6XhbBPFRfPjQcwGzMyw75DyaGvfdCHSBsBzFot,2771.5207931274836,5962.637389501657
EtVjs1QZ9zvgMowDV6i1gA7xSyx5N6tVwaE84ErqY5cZ,funemployed,2026-09-02T15:40:46+00:00,False,89rFPD4TteZyNojn4rAtkCWQjpQSHF3ZUHBffwfb2Ybh,2874.464120441491,4964.76523179305
TYFbarTgxHNyEEmn9KWo52KgDtqp9gpy7QY1Sr2yRnx,THINGS,2026-09-02T15:45:57+00:00,False,69zG3P6FKp9sAa3Fdw5YU7XYNf6z9HeYpusQvdkeUSNv,2775.123577959045,3761.280614976327
C4RChJb2fZ6Zku8Vk1xSPNYi8kAaCxeCapxdZe9wQQRL,BUN,2026-09-02T15:47:56+00:00,False,7Wr5awsWEYJr7sp4C7fggFUoFQwTYJrCaXKY4rctvEGz,2771.8546155438025,4767.26980386867
6e2CR99WzckrdBidEr71BkXLRmjPwtUskrfmyuc9aXa9,SolanaLife,2026-09-02T15:48:36+00:00,False,Cm1zzMaMwe7ehyZS38X7cvqM6qcafuppDBJidvzSM9f1,2768.2987011082632,4777.288172712008
5B2y66iwtJZZ28NaUkrmmetivxJxUrH1PKUBan5TN9vg,OMG,2026-09-02T15:48:56+00:00,False,Bzrqbjyw5X7AJiwDvRaiPvrt3AowVxhdk4qyDWmePbx6,2769.897484244569,3822.4976974590277
A8MCddC35ivSqtPyNt2iKgKx6WPFsBjk7vNFHzfr3bqU,AI,2026-09-02T15:54:00+00:00,False,21AXvAygwc89XD8jQdke8rxXbpvpK9fsmauFLYbjxTdM,2768.2166877095196,6168.220454528079
92DVonyHfxo4TJsH79nJqiDLeAqwz6mF32kwyoaDysAg,supercycle,2026-09-02T15:59:48+00:00,False,HjBFomiQocNvifbYRXFBKUY72jWzaazAkK2QU9DefA7x,2779.555160036685,8001.170347368965
3jBYXH45oyRQhgyMocnAp2MsL9RXXcKDMri5d4bHVpsM,Cyclops,2026-09-02T16:00:18+00:00,False,AAFvfWA14B9LzqcbXyF5uESUS5pX2Bu79VEBPQQBNafC,2773.540039674309,4499.686453308114
ELGrDPhyKT5ZxiJFPkGTJ5Z22PjEMHwQ6pwS2u2cPrEe,CashDog,2026-09-02T16:02:17+00:00,False,3jwQpJ1shjTRnPjbQcBPmYS9bKoao224rqdSRyTeDf6m,2769.058714532414,5004.190037399009
9ruoEYpQNwbDkBHTUJ9VBtC1Vw1eey7W9AfL6PknSCMa,supercycle,2026-09-02T16:03:22+00:00,False,3v1p15a7FStF4PAhsTGrgg8vcwgurxNrJ2DPBMhrbifR,2775.3377647218354,3209.2119577681856
8bNo8yc3EZWzzhbwd4K7vrqrk3Q6YK1HaLCxbH7BhMuX,BIDEN,2026-09-02T16:09:19+00:00,False,oXBhXGhX6QFgMhLF959vfmsaM3jeowzwpd7VJZRgtoh,2778.9406470049958,3797.873107465855
FysnDfzkbjidzqjc2YSFCcGMBBVoPp1DCy2fQw8EyC2B,IP,2026-09-02T16:09:44+00:00,False,HxWVjGiTfmwnWrK7NwCToJLwdxhh1xNz8Gu4de3EkvT8,2778.9406470049958,3466.4617340418854
94HtSEKGCiKWkjw2nVDZixuJSxG14kYzSBKghLMv1L5S,IP,2026-09-02T16:11:18+00:00,False,J58cpu45Bo1pCdbgGKbRApd27ACzaH362L9LM4imn9wK,2788.630009970345,4435.509101810902
5ZmC7zKrk6HYGksyraAdeHu19pERP6MhUCcEvYy2yeJ6,Colin,2026-09-02T16:11:55+00:00,False,AMotzhJknQGrvJQStHixva9vHPoB7VxYCcKNpKe9PTfL,2779.880587732244,4795.9039411035765
BjgNRyDKcB52o84Hvhxds76uJtdgSNKPHhWHuzRiJiNX,HAM,2026-09-02T16:14:13+00:00,False,3Gin1D3dtrzsiWBfCxexB8yPSuSea7WLhpNvKU5G6JLA,2782.1994410056104,3163.182476539592
3uV5Ejg3jqa32heLGvgVxaKPNfPRnMfQJtVa8Z1hiTVe,CRYPTOON,2026-09-02T16:19:23+00:00,False,ceErz5zBPvGshnUJusRFf4pmp6wmzNGNt8SDXvTLQKa,2931.5004732142593,8267.964128629188
4LexkbKARfkcEifqDkVzctycfjUfCbA4NKFKyA672y8H,MOTION,2026-09-02T16:21:56+00:00,False,CwBbE1BvKwmVvjLnQ7CAdeE4F8ZEvafQ8BFzCD5WFf2e,2787.075492812684,5402.731671155209
27Hx3na93g9STqS7m1uQZP1FHMoN6ptmYtm7A6R1ajau,MOTION,2026-09-02T16:21:59+00:00,False,CGuPsuECSnGJPi1F5DvSHacVH91jtxpZdsnESNdbhp7N,2785.246501309553,8153.109707090371
7M82BHYGS3jxsoxKsY8kf8TPweZxkCapZeRbwbnDu9Y3,DEG,2026-09-02T16:26:03+00:00,False,A12SsNcjB9H9tqRqfRargDYozFKZsMuvFERTvPP5eN3,2821.0338304422135,3225.820594125371
7HJCxCMTnit9rLS21e9SMdisJaaZ9A5P3N1Lq99roeTz,DEG,2026-09-02T16:26:17+00:00,True,5hb55hEEaWbKyC8TzvvRzXZtT9Byabet45s5Md7VwJuK,2186.662213707017,85162.02578252432
82JGkveqhctUjWFb3S1SGdQkJPzda3KfLctCLf6ijEtd,tiktok,2026-09-02T16:34:31+00:00,False,4dVKnNfTNxqNdUuGqdEqAXEtgqNkK2aKAGq3bTWCYD9S,2774.105315260284,6833.469459778808
D16yQrEFnbAApKB6eFqDadremr7T8yGXCyBYh8rpgAvS,chussy,2026-09-02T16:36:34+00:00,False,DmP1XSamxBMLRLE2ZXumBmz9oXrrNYKUjr9XCf5zUzoo,2775.209693006114,3213.808475631658
4GPA3SvdizUvP2bB4GTqinkU6aed25nJXpdimQcGd8C6,Just,2026-09-02T16:37:36+00:00,False,26bm3TiqdqKY6gyoU8fkANFTdeZkRhhGb7SwW1a7Dwpb,2773.7836511588657,3286.6527619737712
BFskkstEiTHogdNYq1LqXCVUcRv8JrEhPS1nqRmTo2U,Token,2026-09-02T16:37:40+00:00,False,5ZVf86Jv69FyhTQQ6iPJaWpxFdxczi3Q3rPt2xd9tMJp,2774.1053128560516,4136.233803730161
GbGFQdcdUUD1ouKWe1yPqY5GQB7wYx3mByVJkBhqDBqt,hope,2026-09-02T16:51:59+00:00,False,7dj4zN9hZJEoyJ7JoBnQa37yVopUYQhoyzdEgQk1Nn9N,2915.3477110111457,18382.610737497158
DVvKm4ojrYDBD5iKQN3Eyz5djkW8vaH8ZkQsQtVR8XLt,Hopebro,2026-09-02T16:53:26+00:00,False,5Z83bzp9APSUHHuSw4kfBqrNopGETrxBbB5MgbekZZ6u,2763.3047586476105,9381.90894731168
2No1KttTF36KceXGEf4sk9Y8RK8WGkiT7NdAnCoFG2r9,HOPEBRO,2026-09-02T16:55:13+00:00,False,2eWdGzYLao3vgZ5d4Ffdbbbvva3y8YYb3o2rj8iwfGvx,2768.758839687955,3778.362271958688
BhVzLVwPMtRZjusLQYXiktjZwo42tJFiWuixRxGBdNR5,B2,2026-09-02T16:56:49+00:00,False,9YEBSJDvAUdGXDLRN1DdcAsLcYK1rWmshR7p2juqaJyA,2760.671016395564,4879.005282976903
4SKJLkDJQr9KrW9r9GaC4HNCDVF7xAdpXUp47Q6W2wzH,EIT,2026-09-02T17:03:48+00:00,False,9f2DwbyHB3rkTquKUrKDaetJJKHKEKiponXmUjNBLZ8n,2757.0363474267288,4431.096311827059
FGtkp5Ya2wuCfUVVBjXK3Y6Tkm8rrrJ9ep2iRr4os7xC,Lamps,2026-09-02T17:04:34+00:00,False,54MfGtf5n1XGikTYrrydnUqfraHwiV9iE5cSfcwJ8sZt,2757.072931236772,3768.1237630659
FRVzxqvFyt5SvoTZdM3YTKyDfACvsV8DrTAJQkDJxcHB,joe,2026-09-02T17:05:31+00:00,False,57YmpxSB1DuYa4iwdjKfRkUpZd156B3Xu1PKkxtAgn56,2752.2833183510156,3742.44137215853
BnqvT8JRCd87yScnideWzFnYXu8eKpKGNn3WYDzEhWgZ,LOVE,2026-09-02T17:06:00+00:00,False,FsL1Gz9y5hHmQKGU7QqiCEXTUB9zjgaiNVKkZvCoaUSy,2762.6281573581728,10591.268699461427
8RKxCM1TyPqhbxFmv6wHsRy5CVY1ASawcQbvZVuDBvuv,BMI,2026-09-02T17:08:50+00:00,False,414xE9JMndy6GyNzHPd5jV6E3M2bffy1B9sRhuywrDds,2780.1136238420604,4744.537960346581
7hDzDVAmJqfH1XHKZPWxkE5v3sPZZ7V59ZiSJCepQbr1,Clarity,2026-09-02T17:11:00+00:00,False,Fqmw4nEQh7cjag9ynzTbqesUxdAnzmoqpZpyppMyoDuR,2803.168686861696,4622.132016479146
2EFtP3mQ6tc3AxM8CqBG9VnqnLXLyFSKJ43kzvGcoXGn,LRL,2026-09-02T17:12:58+00:00,False,GQF51oPm2wfP2zo5qK29TGSJmvWHLbpeBHvTyyV8wKWG,2753.1324834959823,3735.839462472934
46cm1H9PYqVompnK12yERocDuAsxGTVbn5wohTQ4oxKw,ROAMY,2026-09-02T17:25:24+00:00,False,7Wcs4ZQ7txNpuHriWft72KLv2PFddjQA7uPoKzkCesBG,2752.2114898173927,5850.347752543282
7KanbhocRPgt8MQqLN9oHPMP4YwbSMzossaxp56aSrqz,shrimp,2026-09-02T17:26:03+00:00,False,E1xhu57Dz5YnfeFxE9DRwkADm1sGH3XyXbgydAdsXMZj,2755.917992831795,11901.844359973142
CEaiHjF1akzD2A5omEYMzeCV27iWnpvcRtAqafULjqU4,SMALL,2026-09-02T17:26:14+00:00,False,HKFCDd9Zd4N5NSKezgrSY1xvQYWmV4TkEgyWK9g5jWqN,2752.2114869734437,5022.103644649124
7dFAuj3PiUK1sA2wqJrHgcMaiZXNZsD9P2Am6autUvUa,NOW,2026-09-02T17:26:25+00:00,False,3kNJrtBVGRknYn1UnYD1P2t6xCVCoZbs2k2taEPTcE1f,2751.444548729991,4435.449492843215
CAcV8Jyy2MVQTqxVFtM53vpzVh475tT9gVJcYhENAUB2,HOMER,2026-09-02T17:26:47+00:00,False,3bw9cSfVH3V2zhGiQhQSpxakDyLXRq9uB7MxU3A4MRct,2757.038078008973,11973.31624106024
DDtjJ2XGaXUNtK9kZxnrD3A3aoiHStL8uhcco6vVDnMB,HOMER,2026-09-02T17:27:06+00:00,False,57wMhxko2tMH6HRfL8R2AcEhaAsvcYHK2GqrotG7Xtxy,2780.1196011321795,7793.81429945653
G2TmSbEBrocZToNvdF5wx91dQds9Er1QPSoxcqZKCbFs,trade,2026-09-02T17:29:11+00:00,False,J91kBBfJNKDraWJq6YaK64o796M6H5sJn8kmQhzXcEzW,2752.7246188325316,6140.419750285166
HcfUwnRHMtQowaAAKV4JDLyg9p21uDymSXkZyZr8SY2D,quality,2026-09-02T17:29:51+00:00,False,5AtpzsL4yHDVhq41C1feBchTk9cJHcKTYYjsDemeEX2g,2755.9179876873814,4745.105553476959
CsetkXkGc65NV8qpCefGRuDCAZPA6XUngQZiHf6opQMe,quality,2026-09-02T17:29:56+00:00,False,7hdW2vXqLcSAPdVLYqgYzcGQbQNE96KvcQGjdjTZHHPX,2757.0363481619383,4261.716651504852
BMioPXaWztkyR3qKG1JgkTAn4fyMdzt6EoWk1A9E7D25,good,2026-09-02T17:30:07+00:00,False,GwT3m7XYka4XjziK5yoEoMR8DYhykbT1DtPtBpkRY57s,2762.628149070278,8549.66838956628
AcxFzqfXuXHAo62asLF6bjDMV9R17s99TLtfEyH6U5kV,NOW,2026-09-02T17:30:34+00:00,False,GS1WcAWX3Lr6BBHms6nANHyLMRUQqAsLPavtoY9AqAkz,2757.0380749762285,5635.87090283322
6Dz2p7qPsvvrf71qSfLf8uE1ge9zcVYhmQ2wEZc2wDwy,simple,2026-09-02T17:31:09+00:00,False,7AccWdiaZnPUvoTDhLqiw6GU2QSf4o7drspadix25XdN,2758.7821048453097,3737.890830415101
2cBjzS5otnNec4WxnXtRLNmJGRXupB8GUgF9Q6agUFVf,simple,2026-09-02T17:31:10+00:00,False,HWct3NtL3ytu7i7NiddxXV4AJHhzLVKBAUvUnbrmg1sG,2757.0363482538523,8589.508748458422
DRKSPnFw8SjVrfWtH4RNRAKNESSZvjjGEsUysSf1j9gC,shrimp,2026-09-02T17:31:25+00:00,False,8EX8UuP91wizT5qNbyvhE9GWwSA4d9Z4w4Y5xaaUaXRX,2757.038074608621,3763.4926417127745
BqsdU9imKvH4XRUGTo633zCAMoHjs9Ep4TnfQteGugWv,Professor,2026-09-02T17:31:45+00:00,False,5tVKde9p2p6TjKf8V2yhR3b6L1MbveRPPNWLtZM1iCVm,2757.0492637871184,3763.487467530632
FrnUWPaKkjHaRypR2SwRtpZiVSkNTBi9cgbZRHwBrZ2f,ˢᵐᵒˡ,2026-09-02T17:34:08+00:00,False,5X5vFpt6FQWDrSDxvEMPBevori9YC713e8LNeusCNTv,2762.0689661617243,4447.277956406047
Soy91LuFt9myKjn59ijWhgo9YWWURumpqrxy8MP4sxT,FREEDOM,2026-09-02T17:35:19+00:00,False,JBaFbwonR7MzaEhkCW4g9KGQBNhzPKsUmAmGPbdfnNRW,2762.068965885517,4450.814965346585
GWfeHWaUs6F8zN1P7kEBmgeqA4EVhyTGAggTrjPdnbUH,cezee,2026-09-02T17:37:00+00:00,False,CAVieJrCXZco1fS9sC7imQKj2xA3FwgWDF26QCqqtUfo,2762.6281457551163,3746.991913901959
xdJNzTxDhyN6BvvzdwkP84cMTWamWq8mkZBFss4TfVT,MarsCoin,2026-09-02T17:37:41+00:00,False,3svZ6smH8HbqFeBoCVK3hsCYAEaGfhJZVpHvARdTWfRZ,2762.628145847204,3491.631255779497
E27c4BENWdTSVzc8Tkp6ruxiZJ7YtQHoJmuUgAiB5TBx,PvP,2026-09-02T17:41:51+00:00,False,6Loh7rMmCvcafV8Zw5wVkBUTB94sqKEgjxgr3PktXimy,2768.133302390727,6216.1921059999695
H7w2nj56xexndonRaehx6PBbV5Hep9rCQdrspd8TbZ4j,Bfж7!م#,2026-09-02T17:45:51+00:00,True,3vgViB94693gSweFFsQJ51yoVZqS7vqHMVD8Bu24qiGR,2357.9098902257747,52096.532625110645
VdxKe61SBzGcmg5685PidiAFunxD74iseA1tHcncrHQ,OCELOTS,2026-09-02T17:47:23+00:00,False,3UCG6LfEAdpofzKjp7LQKkHP7XZffi5PuJtDk4XgdGXd,2773.8117430546413,5392.3992104002145
9js9zhWoH1QyvMG8ZxAQYhbMdhZPdgMMwPnJy73wvTLM,FULLSEND,2026-09-02T17:51:07+00:00,False,2RvffoCDkC8gMxK2iezx3uVzLhN43mrSx68ebWzqHDX8,2902.1178343185024,4298.766320986458
AUh8hf3BxVoXbPEc5TxMDCYkv9g1CLkqiVRx4LPphEB,TRANNY,2026-09-02T17:51:49+00:00,False,FRq7F8ZhUchFnX8eJXMpU9aX9sUsFqdSNieps8mCyUaq,2772.443064518742,3895.30290610752
FKF4znkHJN5ycxhNEyBm7Bzjyo8Qwomkm4tdzAsj8eH3,Blake2b,2026-09-02T17:55:07+00:00,False,DjptBB7SyTazthJ8HVgktRVZmassNrzNX21viDQiRdZG,2767.5539627767193,3586.6923549141943
DaivqAFuGQfCmaYLFiNcoVCZujdAMjVET7W2WMpPDGNq,PETE,2026-09-02T17:56:20+00:00,False,H8BHjDQABFQwNuNgARHyRBL5ovKuNuiBcs6KMED3aPJK,2774.9301029787975,4825.610769950477
9DD5A2T75UJoKcbZEfmQ1rB5EkVP8uGnPbQtArYu5JPn,DOGE-1,2026-09-02T17:57:48+00:00,False,Djkyw6FrZN4sQiVR3MeF86rzbiaik9FoL3v4uCj1g7nG,2774.051818146986,3360.076211225324
HyxyMxHjS8tcmzJ7HUW2ctBntu831UPiGKXbXoKKXgui,BOB,2026-09-02T17:58:10+00:00,False,7yNAcaTci7ojpvcrU2CCQxdhvQJrpYJF5gXAEnTTWcSd,2912.9429328179576,13774.103972802754
2qMVqs75gyK44NohX4GnDd2ToZ31iZiv7Lsbo8V1HZFZ,DIDI,2026-09-02T18:02:13+00:00,True,2aFrkHvuhTrka3ea55PE4b5QxWNceAuFVLEoGxTvSwDt,3925.372295158134,65095.507214909434
APsPzWAPHQYEBiJMcBpt9E9E1JGCEapKzKhWjxd6FrGk,HOME,2026-09-02T18:04:08+00:00,False,BcyBwpEAPan6AaGujQLKo8wZBb7igJ21GSDux6ievNao,2775.7688729682786,5445.716081596852
Cp8skANQbiUi8jQBdkP6TiGvbPEfE6FvtUr9Lact1n9p,HOME,2026-09-02T18:04:11+00:00,False,H1NPmD82uYgWa2GDoF9SEQfEaeJm42LtDz7jQezKWmpR,2919.6858310729435,13104.147109122734
BE7JvDTUZQ66QZyxGX9eqkzhdr8CXW7rD5Ma5qk3bCEz,PEDO,2026-09-02T18:05:30+00:00,False,6xoszLWimKUTHmnms9oagQCYnz6kHZ7drg2nzcVEVfUe,2774.9509383070927,4855.00411455701
FTo9Vx4yj5RNviybV29U2gX2Cimbss4zfHPdJ6EUKgqs,pombolombo,2026-09-02T18:06:28+00:00,False,3GhYUoJnv8QBmJ53vJg6ZaM97USpZbR8bFfR7k2edArt,2937.931035657934,4874.839305826027
67BTBexsKbwK8X95UcMqFJSYdeu6krj3WJ1rcuhnkcGg,pump,2026-09-02T18:07:55+00:00,False,RD1BrUmhZLi4gbkR8SxUa2m5V9aLFpAqi5D3NYXwmXb,2780.107663691692,4848.751784617247
EutPHGrWcTPhtv31vdE1CMh3ygXgApoe8rqjPDkbiqE1,Pairless,2026-09-02T18:08:23+00:00,False,AdUjxJgJQ2gkTgF1oRqzu97La2x3istxB4wvgT7C6dCx,2781.9198517199443,3216.0463474292997
7E15byayDqSQnoN8MErPUP2UCp9XcN9xpWuG8mtEupeP,wif,2026-09-02T18:08:50+00:00,False,7KabQYYaz7qS7vLWZRbTUeJH8oWnGsXN6BNx2N3g9GAm,2779.683132519145,3597.1445294725486
6pyx6R6cGMQHMh6ibqxsbevqhgz92mvc2iC1WLmHdYpg,24/7/365,2026-09-02T18:09:53+00:00,False,A7b9bJhBkGihPxCSrGaFvUnvNh82vKwVjvVdzKsuV3CX,2780.5219026018226,7689.579524553071
7poGrU16YnqrhCt3WAGEHsq3m68UopWXvRPigSh7mub7,FOMOCAT,2026-09-02T18:10:41+00:00,False,B2n3Jo3WkWtLV9aSCFWoprgnuTmxfEt6RaPVCJqEKcs5,2848.741849566682,6622.193768872532
8LJs7TuczrCDAZGQazFxbF3cAdthEztt6PykoLnWL399,G,2026-09-02T18:14:37+00:00,False,EteAgSWauoPBiSX1LBLjCPyZjiixEebE6ac8F2wr57JT,2780.8014917951723,5562.512613604213
3UtAoFCoaKBPBoCLVH5n3JKPJqEHcmt9YCrh1jC2RAqs,Genie,2026-09-02T18:14:42+00:00,False,4P14baRLZdkstKo2bnf78yThvRzDgLEdPcaPjGP85W3m,2785.7013067030225,4576.25692326924
CXs6ZcyH4xxZnDGru8UAdQJ5eGQqQS2huenLgoEvZMJ7,0,2026-09-02T18:15:00+00:00,False,7jFm1u4mdKa2GcvHb4xsrknrVpDn2zwrh8UnQLJe4Sie,2779.2373657193334,13545.366820681127
41d1yerR7yzeQYvNgKg77izkMSpXrfDtKrGYiazTLwPg,YOURSELF,2026-09-02T18:15:45+00:00,False,9kUfEbBj2fF6GEWbXJuHkEXETVoLEiHkaoevdAF7hqaF,2964.5042590668368,6149.196207399974
DuauQBnYThz8c6Jnd56W4Dz5WxkWMpWbipK394ifnuLT,YOURSELF,2026-09-02T18:15:55+00:00,False,2w9A7EEHQTZx3RuxQGCKV4LvvgnBxXXsbP75SfxHLbfF,2783.8769814494594,5720.9147779350615
2LNKdSBrSTWWYkU5ZuuVGyqzhZQV7s637eiYg6CbPcgD,YOURSELF,2026-09-02T18:16:25+00:00,False,EBH5EaYu7AXmuvBzE7xp8tuyspYRrew9oc7QySHtha9a,2785.701305495885,4496.813189611359
CGVbH6jDgNydYwvhutsNQuFHK8HAqEyh3FhWeHm6jQaH,TrumpBucks,2026-09-02T18:30:12+00:00,False,573TEhwqJcwTLszvn5uqFMx135gLWqhYHuVGbZ1Pi9Ak,2864.9559966302004,9486.505737233756
ApkEBRebGnVXTuRbQkNohA3pmkkFafaUiA7brzWeG7AL,beaver,2026-09-02T18:31:37+00:00,False,ByRUhonaecUZk3DsrQTw7We6gXu9WLnGdhBnWswJ8HkY,2780.008777406741,5546.875716035537
4SMYYPDb7LhdtNcrV5oikRgmfcN5pX2XWQtqeTk8W7we,beaver,2026-09-02T18:31:37+00:00,False,ABTRxjEyfioYSQ48HHWHTqJjr6xM3KjUudMn2KtwR6sE,2780.714050684764,3147.4225278356457
AqP6a8wKrxQpQ6GBT4nJUdS3f4udr2J5z1nUzsgCHVLv,☉,2026-09-02T18:42:20+00:00,False,6e8UK38p3vvECjdE2pzfMaZXvPnkLtt7tycYM5BwXbiA,2836.30415454719,6617.956107633074
DcSjzDTYBho9T5tUdLYXBLpStLbEF6PueKGSxRUgLWvu,Cuck,2026-09-02T18:46:25+00:00,False,4Aq9NQAPLPzKzMmVrkaTAYJFZLwfmbeLFKbZJL6s2axE,2780.0360145399372,4492.581637331265
9Ht9wBQ1eek2asj3QDG7G2RsYMrBxjN16LLT3fKqED8o,wife,2026-09-02T18:46:59+00:00,False,CN5MsfXrePSddJP2JPBqc18zmqfcubCyqPGZmQMc5E8s,2781.1521517313377,2947.8804222125427
FsLPnrm4SKX9Dj6tcrnYE5F8tKBEHznw2B1ZzCPDGo84,SOL,2026-09-02T18:49:27+00:00,False,HkYCYHot779Jjowj4gJhyAonuRe5vKtMYACyW3UMS6DY,2778.2851851600094,5899.800930971277
8ZsSkXUk5R9Bid3z8RqEzbCRaMNXrj5U6r9sdospcrUM,SOL,2026-09-02T18:49:32+00:00,False,FXTS6E3YkFUiUzrwnyKkeUKaobZJ27UZsrk8NGp9gcjD,2780.4799711185237,6749.560938555373
HvD7xp3YhFrMgcDL4WAMW5xfx84sHr8SfiZc7Y3qFGf,SOL,2026-09-02T18:49:35+00:00,False,C2eRjsYDkq98SdkTxb8jzUd5mnQZyJSRAizsgkuMfrdy,2780.8418456698682,5411.576167544136
AUUkWBFQJm1yDeqGy9Ckxy95Yja8uMrXsEUS3PSFdH7n,coin,2026-09-02T18:49:48+00:00,False,3gqHwhdrydYRR2puxeFZTtUxyY8MwKNzbuBqRmR9HAYc,2780.8418465041286,6604.94280553468
Gy8k7cPnrBc8VuYrLCP6kZEHnRQL9wa2bBeiTcsTkyi7,Jewish,2026-09-02T18:51:44+00:00,False,H87vQh1pfX4EUcW3MkeEMMMjxzJiuP8sjcuQt2dJcmMs,2784.71575199665,6628.943222948301
8YaHSh418XXuZRYh4LybDfMPA9AF6DrD6qZyRdo5c5gc,GAYMAN,2026-09-02T18:52:14+00:00,False,azq6mNoJUWbBgWZjiB5vmcrCvALJava6ADL3mZZQj6z,2778.5647723165516,3769.4329461935117
5JAVYnc8UVqmJDmzrSUYmcxGjr5pedqEszFjzzPRDjez,JEW,2026-09-02T18:52:22+00:00,False,4bMg8WViCsJo95T3rCgSVZ91474BGE4eQtmzBCgZo3xy,2779.403541935741,3794.073559693042
28jFGQYGMxNVaueatZRKb4qBBfDaHnWaCpEGRBHrRJ17,JEWLON,2026-09-02T18:52:33+00:00,False,8GwpJXMFYcuRe8A8suzmPtsaneGHVTR67QFuMXfByg26,2778.564772038695,3769.222648717136
FAqMYrVr46ex3FTZZJMgLe361kfbTiK7SqVAnJWhttBy,W,2026-09-02T18:52:42+00:00,False,7aQZfMVyap8Wt6ZJRWLUfdX4WFC9Fs7QxkL7sW1Cuiw,2779.403542676918,4598.822966428592
CvLjwGVPvbWZ5Qgy7kWK9nrB9Pt3Eiewnp97Vve4nAg2,W,2026-09-02T18:52:48+00:00,False,6nXUKBFJ7HkCMnJHABJxR1YjsPojCtRWntv2WgPWx4e6,2779.4035421210347,4389.341521615738
Ghq5MGLDpwAgDv7vUMyn5BfoZpGvdBunkhw5tWTATHHw,wif,2026-09-02T18:53:43+00:00,False,9aCs9SfR1TdsU3stW1tUxV696JiipJifjSP6dGxAUxyb,2784.715751254054,3795.353792737381
Fn2kAymhSyeueQeJfe3fPkboa48jG8DDBjxEE1nSH2k6,gibny,2026-09-02T18:58:31+00:00,False,4UAAeMqDz7GQJTTUWfqE3inyoV1N7Ujzeruu97pKpL7D,2771.0158453693552,6296.356383716356
14tLrojaB6XJvVKN4Jw7ohocV7NTdq3KwyBrKFZeGj6W,ADS,2026-09-02T18:59:03+00:00,False,GpMockfxLWpnk5RPtcqL2ec94wXFDrzk5ovdrgZRyYcE,2780.2257936822703,3771.20459747303
13XgimDaGhvNTde2ZHN7V2FqL1CngUoB4uP4tg41zxWi,blepfox,2026-09-02T19:07:11+00:00,False,D9oYithNTuvfzcVDJ8jg7S8v1uysRXdEBVqLUTzTtB3T,2782.169419085333,3214.6318373409304
D5Jm2bq4bRjpfQNh2izcNTd7vd5yVgw4XdhU7MsewX5A,Neuralese,2026-09-02T19:07:15+00:00,False,6uNwQQWuFfphf9Bk1keC8FteffU6xqH8CBk4JKVtDBvu,2782.3628445409836,4744.036611670532
CXhzYBLx8sz4QB8T4dpgh9kwtUtVWHNoM9AtXi9zpPis,HOPE,2026-09-02T19:07:50+00:00,False,2uTz4DRKnCG62AgdTxQtySpt8x2tESEn6zXmcJvG4wxF,2781.8266104813515,3773.5367407386293
32kbHp6nPicodGiVdqAjcGBGP7E6C3vwe59kYGckBgtY,tail,2026-09-02T19:11:12+00:00,False,G5gHxNydYtay3wqCfJeZHtVSsMfA3NGUp8dCYkSfEwoq,2783.597391700168,4635.219239428876
GcaKH7jcC9DoDE4zYiuwwsZzsxne5Vs6kWix8wS1Mwh8,SPL,2026-09-02T19:13:27+00:00,False,EEP2uTaM3BAP4SfByAPJkSEkbLPVdQ77Hk3fYLT2ia5a,2801.652468383398,8346.853597105635
7M2SDagKd2q5zNkVGKWKwiGqEzvyiyRiNKZT6S6Hgi6q,ASST,2026-09-02T19:24:13+00:00,False,9AEvcGNmXRbp7LDGUjW9hHTNNGm7TMr2pj11PHPofaxq,2778.5647724091705,5446.534947574114
3HmzrkKgDPLsZMrMaVQrQWYjvVF3ebKnSuEkVCMx8rKH,ASST,2026-09-02T19:24:17+00:00,False,3H4i1ih55TWKSYJR2ShrCSvm2apwarW8gAsLF5NCgccL,2777.726003252796,4850.242760849761
34LLU77i7WAZQvZTnM9oDkVdCkCqcYAqFCGkZLjA2i8Z,ASST,2026-09-02T19:25:01+00:00,False,9cByk9P9Ph9o6qrcKr8xhtDkmeV99J6TvS4gsaXjxUWM,2778.5084875764546,6105.4129444867995
EoePnUszLcjW37u54cKijH8PjSrpSPDwMfcW2zefABK5,🤓,2026-09-02T19:26:39+00:00,False,HuCQFqB7t2GtkUMw8jASjagnLBuk9Z9cEH7BThvXkDKb,2786.8232434615425,5570.477135334528
B43ZJXvkpZqhZDmxnFsSG4YSkHeSrU3aJv8faZYLjmdh,🤓,2026-09-02T19:26:46+00:00,False,5UwtcZWVUABikbAwKNwPLiyWo8QzLQGesAKT1wLLKSuY,2784.995341374585,4492.1488015398145
FTXgBN3CGUrSaWLmS5d1jWKEAsUSkhBEoeiBdfLt68iw,🍉,2026-09-02T19:27:03+00:00,False,548MZDF2UqinPE5Pd922HbMwZFXbS2LrBcgfR7govTSd,2775.8580905328045,3789.28544963829
Azqxzx7ruTLnk6rV1HU5w8PqsMSsT1gJ8N5Voh4jmcmt,solmF-ONE,2026-09-02T19:32:40+00:00,False,Gw7RyCmtVNny6mGg4iHYmGBJ1WYMB4ZvjZF34qfmnNVy,2775.618306449647,5243.938757963567
GbAhauNFcSm3pJLFJkbXkXsQZFWHi5tZqoqcSdgRRGEB,FSR,2026-09-02T19:33:12+00:00,False,DuNVdgbAr6L7gGzwTSTUvPGqm9BbLv4Ad1SvLZC91QJt,2771.8546137882945,3255.6236097876617
xnjfLC1KydSkjo6K8fzghARbKvyQpttLkkFwqNfVSDi,draw,2026-09-02T19:34:10+00:00,False,8rKycXQuFsn8uJ4zaRL8k3R3J9yqoG6z1aeae2HrFSGa,2951.6309631281993,11447.749519201336
3saP7NDgw5aox2DjZYGqf897zWYF1syyV1TMTbGCaXaj,draw,2026-09-02T19:34:43+00:00,False,GAPhJKHACdQZTNqRmJHmWK2CoXfDYiDdWbivHeLx9RtC,2770.8158346775685,3849.0073302472842
GpY6HmihvqEZVyXi4tyJBQxRL5YpZR1jgTWXPnVCSxhj,milly,2026-09-02T19:35:16+00:00,False,N6pvfjZaXe5iGsbLQDsMQNJYnD6xLcsoXnj4hRnmUJu,2770.9822941153247,4611.179255826065
L3MpZ9QCJUyCrdf1eEwgNpqDsg9Dyb1AiRi8KZfievJ,draw,2026-09-02T19:36:36+00:00,False,8bJ2KP6qzBxFCzuZcSzXHdQis46fqcsoBFstFV8Ch5RP,2928.7413883173617,4490.819227408008
9rTZ6FnWqCmXn6ayFQpG7n3G6wed8NL1eFtH83xHnb4C,smolguy,2026-09-02T19:37:40+00:00,False,5G5s8HXy3DtaWiGksbkb42opirToBDnde7vsCk1rUE2V,2773.660781318143,9912.382635359765
2REgKwcjqSuQet574HZ7Zxaq4EWsVfGoGvhQN8KeXnsz,Hero,2026-09-02T19:38:16+00:00,False,LBWAWR7NsbV58XC9yQBkTUV4MQ2muJuy2kjcpkZLmwo,2783.0382178603168,15020.353596625628
DzTM4g56gqKUzWjqT5fZF9uHmoWravUJs33qopyX4bVZ,Hero,2026-09-02T19:38:22+00:00,False,G5r7bveaBujLEJt8Y4sNGXZ4VCmRthat5v7hW3T3YtKX,2771.015845092264,9770.477744741193
8Yy9NG1JxESk48B1mNnywhGMw7z58QC6nsjkDgQk6hkx,Hero,2026-09-02T19:38:33+00:00,False,EyX6XUSitC7LQTopK1zKi4jhxZv1sHg6x6rovnkCRdJk,2774.70612522734,5418.87784977172
6BbvX3RGY2gs4iSH5YMffaFPQZLYqceZGtoMLdnAMP2P,HERO,2026-09-02T19:39:04+00:00,False,GhQQcqtwz3bmQVD1VuTJ8xQ254gY4uvqi43Wxy8Pqebb,2775.768873338381,5715.954377682779
Uyp65EqQFgmvSdddVF6oRp64TebQUXFWNrfHRtgkqpi,crap,2026-09-02T19:40:21+00:00,False,FkjbLWfVHZXNxAAJyScMeFgyhnFSY2Jh5HR2okGX8n8G,2784.36244990439,5450.11680727603
H5nUbQG9yBNXXkUD3SipdJNgpGwRKNjewbLjgMzdRqy9,crap,2026-09-02T19:40:32+00:00,False,41mBNo8DAMUMno9FeR918z12We5cwEZfEMNFdj9YWiyE,2931.220876536999,4928.617798470821
8RRzQDwBFw1rC7pDiwrffSiAFsjUA7fa5QrMym7hKeEq,chair,2026-09-02T19:40:37+00:00,False,A8xEybezj8XEkHtfgrjkVW3sRbh3iqmEAuUY18Vh2M75,6025.7091874048565,14410.153855333603
7nUJiUfFANXEzG1SpXacMbi5GTmEaJ1tA4bn6SJpUG38,crap,2026-09-02T19:41:17+00:00,False,BP2CL4D1m15t4yyK5hAHUPdC8hqAF6qFGvsTtP3zZq9G,2778.44363146553,6349.811900236135
61t8b9akGHB8kyRYeghfwSy4fWUz6DHAvZXkBUSwgNmn,dinosaur,2026-09-02T19:41:54+00:00,False,2nk1tYxsDAfZi35vELb3p82UXLGzgk67k3eebTWuP26j,3990.343970138807,15221.824709148792
GWtsDAoXSiWo1fFjjWNBCRfAshLWN85X1hEdixm2JkLq,Guy,2026-09-02T19:42:11+00:00,False,5TDuUg4mNRSRXmyTcq4A4TPwko2YNFVB7sMdzM2jxBmX,2774.693292433815,5420.111223946987
tTsnnNohmx8tjjqsT3YLW7jsdzK5skNjrG4geqPCRFX,doge,2026-09-02T19:42:19+00:00,True,2yaDXAN4A2QToDNur5FxMC7bocyVjPhJZSEJzhZcC16v,2215.2501721007366,46582.465344478645
GqsvoNCvsbjbx3hJtSwKnhgBd9EZpzagVxcVsrxYu2rs,WENDY,2026-09-02T19:44:40+00:00,False,4pSUjAZPCWj2Xpr8EwRG9TY2tDdZS8DeofYussdephLB,2991.0046341356187,6193.1465307299395
9KH3bip5UKMZc4pNPKt4WaNUai8moxGin6bwLr6rYcvJ,JUGGERNAUT,2026-09-02T19:48:16+00:00,False,5XzjszAhPxGwSQ2SdWYkmuoMoBW8c79Ei1K9bYvPyjsT,2789.405155274875,9760.308158463355
GRMi2y5SHG2tfkfMPsjQrZFrBnTnHeXT5a1HJdzM8q6W,JUGGERNAUT,2026-09-02T19:49:09+00:00,False,BWn3HoqShjfj5e3VATZzvJWSrQwGBN4TAnBb2M3kBnRW,2789.405155460846,4872.710239896393
ES2HUySc7EiMYRCBB3SvYJNLCr9WPEe3Wnh9o6F7ikrM,JUGGERNAUT,2026-09-02T19:49:39+00:00,False,6Sz9tHuSX7cx2aM7urWXGTfJG9XWmBNu7FikdRAw1ukg,2908.663848393446,19524.446644808417
C2aYRm2SNsq8Uw3M7vcTwDYN9uLz2pSkUjqdvjNNkA3u,JUGGERNAUT,2026-09-02T19:50:29+00:00,False,Fa6U5tfnmqxfdBUoJvXkFnWTYj2NzVtkhYD3zQ2thT6i,2783.5967426179704,5742.976861160059
CwHMGHDEHWH9V1hbsDbshDiuecEPHCn4UCpFb1kzpt83,CumRocket,2026-09-02T19:52:06+00:00,False,AXmQ1Bqg4FSQcBYfHmzcuXhXb89bryxMME1QgmAfskvZ,2963.094131080615,5130.419215597594
CCvMNzb7HYnHjh5oQbDiE2jaiKWvnLy1C2YkZEpFDtGH,TradeReplay,2026-09-02T19:53:51+00:00,False,iX3Yz5ZDP6ygx7wpSjXcE6nziNGR26eYis4E423qDJe,2927.0270300516245,5053.109387707337
2HLZFK2gVc2hmaA3uiSdJRwi18iYEPtzBeioQNcWVSiH,TradeReplay,2026-09-02T19:54:45+00:00,False,3fuZuSjFck5d89vDDM4xCigdygJoBNfgeHK32dBNfMw1,2885.835669215729,5985.457709173518
3kng7ypT6prjwquvB3qdMewsnT2iSq5kADczX2LqLUAJ,TASTE,2026-09-02T19:55:45+00:00,False,GXX3NLuPq3s735bKkncMwAB1m7Jq46Fpbe4Ycy1MdwDy,2865.6591481779597,3836.3750472389515
GNPSbbN56h1Bwyksx3pcxY45eXovFvf9nGG9yrZkxjJ7,MooPunch,2026-09-02T20:02:36+00:00,False,J2LiEGPK8uhruQJKC3UvdTZXPLJQGP53pcSdEjsRCDAp,2926.8553750870146,5565.028954341163
BD2RFEy4jXDJ7AiF497eB7ew2sYiAR7yuquYWtTEa6uk,Milamessi,2026-09-02T20:08:35+00:00,False,Emace6DsQYwXmzbd7YVd6Sob9MxQFEaTwVEz4g2eGhEy,2959.1798738648304,4730.402640070171
HGPDS26HQ93ErsPFJt3KLT2h1bNQ5oN38916woVJRxDT,MAMA,2026-09-02T20:24:57+00:00,False,GiRVapWCds7zV1icY7FnymBLZRuumbarXEHmN6vrrqLf,2788.9677200221904,6970.749447776804
BdT7vH1hdRUb78LBUy4yHd5Mqu88kryFGFjkWQjRs6S6,chatjipiti,2026-09-02T20:26:39+00:00,False,5dddrtHyWY8kFc7k4eg2ZRhpNmH4VV8MA524Qz79r2Tu,2787.232060296207,5972.95419123958
2K1SGKdzBkCgSoWhs7hcWiv3Mw1nPK1C22GoR9NJryy9,chatjipiti,2026-09-02T20:26:42+00:00,False,dvEcZwUmrnPCLJgKwf7Yhm94ZLcGSEm1nXSfKHh9PKi,2919.0693218367937,29293.039944033884
D2F9tvQ7ENVHPYsUqHVNbqUmV6KpDUy1gFQemLDtT5r,Wendy,2026-09-02T20:27:29+00:00,False,Bqa3tAXZGkcp21Ka8BNFVEZLDjVSBw1j2nYcvpRmMukR,2871.127756577777,5155.798575112604
2ATnyJCBHHJCRsVoGD7v1tnfxvMdhuFZnMFhHTvVCW3S,W&W,2026-09-02T20:27:41+00:00,False,2R3WoFJ9YtKfC5fBr7FyXAshkV1YVA5GMi8CTSY83DPQ,2869.744016297261,3241.2529267054115
9eV6nHXT6x4k1ihGbhznvLBy991BE8fYhvukroTYkkE8,Zoomer,2026-09-02T20:27:51+00:00,False,8udvDX3ADSDVWgPzkdswhTosBYAqD4MkLLVju1A92tfP,2782.758621617244,5229.6217635731955
5eqXZD7J9wJgshLMH2kxhTZxeKPjam5pyWkvEQhg2RBk,WENDY,2026-09-02T20:33:36+00:00,False,9JjEyn1WUb2vkvphbFof3nYgLyja6ufJfGghTL5KXHfN,2906.1466257400753,4793.345929413741
BjccEuV7cWNpzg1kVvDaESWsVJbRricD9jh1kngJuXfd,Goldfish,2026-09-02T20:34:21+00:00,False,9wFpNz7pfpyGMfieZW75ebM214cGDVDTrrLtpQ1fj6wa,2936.1735310917,3876.234294141425
CJphXFQxRjUeHvYDUkYpagpcV6sjwi1UbcrJJbRQiG5P,vibhu,2026-09-02T20:36:03+00:00,False,5V2K89QvreyUar8acGCeCddnCdzztkb9a3edYCmvjmwm,2790.8667294489655,3328.7693979393
BsQdWytYtGNPbRRG3dJT5iDafam9HEhD6B8b4e3UpeoN,coinbase,2026-09-02T20:39:23+00:00,False,5FGVnFJbwVBv1JVCwNomxCwLvqoQFf5z97656PYqmXmi,2789.4687796818453,4532.9019617398835
3dknr6Co1TAS51TLqpkMXV7finfWTr9BqfEDg18fhn35,PVE,2026-09-02T20:39:27+00:00,False,BfJtdFkCxctwo2RHvTtU8T1pTgFae5GAG4bF6kJV4DSf,2935.6560828910187,19041.277190000237
CGtewxpvWSFQ3jrU4Y4ixJoMFnkK7MDJZUHep3XVSMrL,LAST,2026-09-02T20:45:49+00:00,False,8ZULrkc4mBH87rt8aBAAwiFefHbpybVLkYzyvNzaRro7,2785.3146653230156,3468.777458875616
9r1xjzGLe9i22aBMx3qYRZCvNzKvSMjdBuYv5VWeojEt,zjak,2026-09-02T20:47:22+00:00,False,HEWWezp3ufmdEZBdKysJEDTzLfqdaBLvjmrHKCfCuCJA,2785.2720233725418,5805.672795600246
JE7QhFRkdpHAFrmvSiUxKTAQxNQhzRNF61MFrGbaz51Y,TF1,2026-09-02T20:47:48+00:00,False,5BdEMAStGxXbb7hTWAhyXoEz8o6a8vP3xm6CasjP6uNB,2785.272021887063,5462.113000891344
CAbH16XTszs4ApnTiz7rdJNysfcb5A8VVcqR14aWDhWm,Lucy,2026-09-02T20:52:03+00:00,False,A1EjUHgW1NUHgtdghq9VKMLUW9HVBUqXB2yEB4hUiqwR,2787.0404370129827,5537.936961270871
QmzEMPQmXm8DrQXEPTp1AJ6DoywhbpfCfsc2SaR63xY,Billy,2026-09-02T20:53:08+00:00,False,AuLpdLXSiLstVB4VF1VwRdbnMnVLYYRXcjWq77LSRvVG,2789.382905082157,4980.389249472504
GEkZx5ZudjUm4q8BWW5qsASwBnFryN8wpxWy6Zm7dZou,NOAH,2026-09-02T20:56:10+00:00,True,AbM6hWnuaBLtEUCvYxYGZuAP8yWefA1VR1V2uvqM4i1B,2976.712452247953,41070.59200666062
8tc4DjmHYbC7HMhNmSDkKk9m2vP3xDzzksD1tYVHp1c7,ㅤㅤㅤ,2026-09-02T21:05:05+00:00,False,At7DpMDpRRSGHBboK2bPbKqSV8unTrCfMJNzrwGSKnLn,2783.0382112737957,3819.0173712608125
GwrQqyUis8B2NPxKAopCjsLSNZ1ZuUhAKjmnN6yKsV2c,puter,2026-09-02T21:05:43+00:00,False,3JzvDnQjiQHAGyfyoRWsesMN7ZGhKgRydRaojTaETny1,2878.6236643563084,10710.256796202159
3VHGpjftorELzf8hdC5hneRHcvMEKQgBPYcCNK2cinyt,torah,2026-09-02T21:08:53+00:00,False,7fDtuwBhcH6z8rTKZbMADt23Hs21XEhT8cGAdBxDTGm9,2940.2584001399073,8914.284766632947
4AV86svXAJzCQZG1eRt5Y6oy3JgfMmyuh4Yhi1X5jWDc,ZION,2026-09-02T21:09:09+00:00,False,fCSBzBC1vUzbgbsCgEAFPR6P2chE4zb4sftDU1fQEbQ,2879.167533442494,38871.06759864076
43SSpqwTpAomvPYVLfGe38ACoNyNTqpUAa8b24GSgJDb,bobby,2026-09-02T21:11:37+00:00,False,CU2f5WfgQvbsCqsyQM3kUSnS5X9fKKeXa4CujmA7U268,2785.554521058649,4845.675593296141
7pjnovfrnjKPxmpBBjCviB3qQ4hAP8kSsjpCXwuZGdxa,Claw,2026-09-02T21:13:41+00:00,False,EzjoxJ4X3ZaAyF5hp1HpdX16wApA4YbLhm4Veo6TsFJm,2784.1565706418824,4489.756363630542
5panndgZ7PUgxUyReB3aYKNDQAQCpseQjG5rN3Bjqqui,zion,2026-09-02T21:18:18+00:00,False,CjZas67o95srKeqhFWta4diYDa8KTyUAVZSNRKXkqo8c,2783.076374525664,4913.189941743485
2ir5Hq2t7Mj6ChbRGTFRviuHBt1gbGHCngfoEnHt7JyJ,Puff,2026-09-02T21:18:39+00:00,False,4jZC7YSiggQrKg3GNSY8S8ZLmjmaD5F97imVmLXrFLkK,2783.076374618444,7943.0359583076815
bBdhKEhDXiu6b9K4LfbgG3CGvC81ngzstMnjoa9KEqp,Puff,2026-09-02T21:18:52+00:00,False,DUKE6VUtthP4EhkhRkRi5vw6fbxxqg3w6dCRE1Wkipkm,2787.5116551556566,7514.198352208314
DNL9BbhDgyEsAsRoR8d55RWnzmDcVCgHH4qty4qFKMfJ,goldfish,2026-09-02T21:22:52+00:00,False,987SYmngYoi3oGFtveAMTUcmcRSfQfC1AVrB8hFfXoCZ,2781.3606722211025,5728.53929110031
2e9t7wECdWvS74ZRonexptDYSgajWgDHsvDRD8Y9yBGr,hergarja,2026-09-02T21:23:25+00:00,False,6fpwrhiym9cyFSJxWdwQSv47wJhpFEudQo4gXLjgKfJP,2783.8769807998883,3802.0161705916016
BiwcP5Mf66KEEc8JgqaduLW6VA5Jy56iASaSMoTFxjjj,JINQIAN,2026-09-02T21:26:58+00:00,True,En6N3uJRySeAL1s5KS1x8zkQguMFXWtGUMwMYU5yh7vn,4726.090111529999,65079.60030084051
7Dd5HWAue8CRfeYo228iKuq2PCNaEfhADrF1aXe9aMJ4,TRUMP,2026-09-02T21:28:44+00:00,False,AX9hrDaNx8UWipCDp18EGqEqfYqiACPgzBUUSRSxjer2,3007.960832934658,10127.317395568683
GTkyAJexc23T5kMr54ruYgEkeRzaoN6FBBAr166kdDYD,Cuckamoto,2026-09-02T21:29:08+00:00,False,8sBp1xMF5BwgAgm61yaEhV6akajZUhPhMNURPuNSX3Vx,2786.9524702684807,4399.477286302878
852nrVz4Wc43eTMT3Nta4YL5H8gAGDy2HEBpZPpwaraH,penis,2026-09-02T21:29:43+00:00,True,94D9692gPP6mhbDpE7vULBK5SEWckrZDcZLrQCcu5iKT,2344.054971647579,77509.45934655824
3QobVLFAicxowSvGuiNpg9KAeBZzid7bBpQepWhCZm6j,catwifcig,2026-09-02T21:31:45+00:00,False,3tJFAvsAypWGkQ46G1sJNDcFRZBopW8ebuCW88b3bdGq,2789.0670295896566,7853.984509950266
4o6FeXi765TM11utsnaPj4xg5Qe5LY2aQcgLcC6TgkpR,cig,2026-09-02T21:31:48+00:00,False,DCWTwNPdudMYrL8RBqe5dtdDrrtXHm9pRLPq6t3WZUAU,2788.9096006488817,3668.9692545708854
HFVs5SFKDNw8WEPzjbhwk5zdEfWVq7U8JsNkp314RUC5,benkguy,2026-09-02T21:32:09+00:00,False,HViexgu6oAk8AFUhgtiaBLnbP6PT9iR59V3T5UdD23xZ,2780.2275394294848,5171.478502046299
6BRqNCN2YHpzrstb4nbme8JzfAR48jiUECtH1gZoe2We,LUNA,2026-09-02T21:36:37+00:00,False,BAFfRF6MZFDRvhMwsyv8hjnxMmkAYxoP7916HpZbm3UJ,2783.87698172785,4201.7421894725885
67s7qzVLkzENeVT8eK8KXSquL2Bbjsrm6vfew8pzRh6c,puter,2026-09-02T21:41:06+00:00,False,DGRQDaTErLC6aM6WdviTy6rr4JS8hiMA17uojTN3HZGq,2787.9663890052016,3327.134238981293
81sTsDVHoVNkffGEpiu27QHuMvPprDHb9JTKTE4XJTm2,chussy,2026-09-02T21:41:43+00:00,False,5ZGoVDaZmdvWSUHEaWHxK7w9VMiwS3mzS5SH4poXfJrS,2788.0708296360112,3166.738326944545
HoSy2yr5Ds5rQLHVtFYrwxpmPzTYvYmWm2jq93Whqt9q,BEASTMISTER,2026-09-02T21:43:59+00:00,False,9Qf156ejq327rmHTuWL6az1sJuFsrWabdbvWxUUGPqto,2895.598542578011,28818.408175633685
BhM4KGETSZr2hFSgBj9EBqsk3BztMWa4CAKfPtbP2L3Q,3,2026-09-02T21:58:07+00:00,False,XsPBPt42PaSKQ4SHXHbysuxvWcntbqscPQ4rphyXhdh,2784.6792401798575,4902.596213296743
5B2NzkD2XbSyixWd2GrSo3QLqZQEZh7VupuUdVVj5kMX,CTO,2026-09-02T22:22:36+00:00,False,6vn5h32S3qo55wat8SZbgMjEPb1hJkoPjkufGCatTrNg,2899.923574274392,4788.7604461642
A1qW73VKmkgKr4LWRuNm1wQ2Q32qBHEmqxkEBcMWAAND,CTO,2026-09-02T22:23:05+00:00,False,AYWng6zwy4EY94d1vgTGZSnM7GAPgVKBrvqHTMt6zpSJ,2805.9645874261696,4786.430006774867
CZSRJ7eeuxKwnpPeuzo1ko8U2ZUiqMg45YWqf25B5XSb,REMIEL,2026-09-02T22:30:41+00:00,False,FqGNjgiGon1HHfmwuyfYHGBg9khbGCsXuxYb43qszZu6,2916.6822138297857,16527.889339589914
2T77AASMJaCQtp79v3DEq1w9798tZdRDZdvz9jXBo2o7,Astra,2026-09-02T22:38:56+00:00,False,Du2jNP19Rsyon5LWohstpim4RbrdqQnPbaMmofwX9AA7,2805.964588267959,6395.064491594242
Bqo2cDCu2uqqgHBNNPwdbrr8R6KAi8vtRtykbK77wSUt,Juggernaut,2026-09-02T22:39:50+00:00,False,CBEahijWazquaT3jAD9VrTMqr9Fubv2BnRAog3o2hPhz,2787.14312469047,6223.010495891035
EmzCvSW7U22CRCrvq3fYZKg735c35BqN3WYDP8hKYdrm,unemployed,2026-09-02T22:48:31+00:00,False,8BU4Eqi5pescqS1XEXc723ZaRW8PBCxEz51xTk4HUkJD,2784.9953410032526,4889.17828706061
B4N8XKeKweYmo8mxG63zjvGEh1WusAYB444gYAwq4NMX,GrokBots,2026-09-02T22:51:14+00:00,False,B78UmWARpKyDrmT7tin7vRkJ7iDMX3p6Eeku7vYL3kxC,2781.640266421165,5876.919438974789
8Z2a2w9gyFhddoZagKaJgJRk1Vi1p9eYkhFzCfzBTkzN, ,2026-09-02T22:52:00+00:00,False,k99jdFpVJy7cNLqz31u4cJ1AB5Ag6jNJNz7n9ys4Vxq,2889.5619764431035,4848.87316130173
J2WAqfWSbHaAejGEmY7f3gp2CDbqYtoef55h9hP62u5N,https,2026-09-02T23:09:36+00:00,False,98vTRVnpcK9V16udMvWva3Z3PasadrRAAtvSNG7PzBDc,2823.8583425116494,3900.9181213769216
2Q8tHSimZLBb2v3BfNNSVbs4bKYxNJ84NpzuajG6p1aQ,https,2026-09-02T23:09:45+00:00,True,6Dy49CyqfdcAmQnK3aL8bBzLE3B9kVYP9ETC18aNae4e,2232.583319367798,56124.26685036271
H5cT4dGCgcYMYsBjSQtf6qHvQk35VCL8wHpPyDJs9qLH,COMET,2026-09-02T23:11:42+00:00,False,3MaToeYMLzPCfi8fD4MwoWYQeVtv3UqNM1xEFwJBzhGo,2826.0560127567974,4060.763323334967
EvmbyNN6dbBXvQRBjCXMGv6sqRwkcUmK329Eftm7hK8M,MertSOLini,2026-09-02T23:13:19+00:00,False,BNgNHARE5CaFERF9wAKf2Ekjomtz1ZEahYitBWRWAY6f,2805.1258180887603,6258.1553702761
2J726NUpQg1EFeQP87vaSjtMaqF3MetUuBL8VDp49fKL,MertSOLini,2026-09-02T23:13:39+00:00,False,9EoJ9StfnbVEz143CN3RFPPoYS9BsaBfJ6gvbv9fWBR7,2792.8377840561357,5433.293675249156
2S9SbdNuAENqGc8b87UqHDKxT9sXCq3ZetCTGjc3GTkD,almod,2026-09-02T23:16:15+00:00,False,45mVD4dryZBqrWkP4kVJqQZBtpCS9VXL4QnUYqpCBvGd,2930.102517774464,3940.06321097729
FTNJ3zMeCNbhR3QaVPgeVpCnfPghi2gfm3asm7WVYuLV,gas,2026-09-02T23:49:16+00:00,False,Fhj1LE9npx8SQ38TC4MfYQoJRfAnGwYvhS5oKfbD9Lto,2827.3342263452373,6790.137914071957
FGWf5qKjt7aXKLp9Gbsm6UJff9WEPUa9stxZgtSViczV,Motion,2026-09-02T23:50:42+00:00,False,93TVyqaXbKEchvSv3EYbXvpo4BNkJFX5sznX9GACXyCc,2942.685784083418,37079.15617378612
42HSqVpivPVm79nHHFsHXXWUTQeNKp135mJ6Vi4q9gHP,solguy,2026-09-03T00:25:02+00:00,False,nmdrbbwt4dusHH81b386VpT5xE77Wfgj3zYUdEa143j,2788.9096007418557,6761.81125589451
GhDmY25EVDQZnVZ6mgHPtjZaAj9KwDHukUM6oS4DmFm3,gas,2026-09-03T00:32:46+00:00,False,FVzXbeEjb9ys49N8Fhkx4wmaHdLVF2c2se5gFpQrH3eQ,2801.042607823289,11045.221713172823
CskRQgTon8riccD8FyhAUswfHi7XYiQjfzTnXBFaXFsj,Alphonso,2026-09-03T00:34:52+00:00,False,9cdLeqZNhgKMpqW4KgY78KaEumEJ9MqkcmXzQrBBEnKG,2786.353647646604,4561.505165969088
Ak7JbLvKEFzkcfpvLErnnkQ8xoB2P3HNbLDp6Du2JVSW,NEVER,2026-09-03T00:50:14+00:00,True,4hgojizNVNNZcfnxC9t4VJmc41rUKShNAVrvj5aF6F58,2412.6809458508196,125030.7025570047
3TaL7WxUxH9B3q3jJUtDtu6sBZ9sKDFvfCwSrN7bajWa,MLG,2026-09-03T00:51:23+00:00,False,5d2vmpgQnd6mmu6o8cqL6GdA7BBQ52uJiYUMeoC5GQCi,2788.666472298823,3431.8980451684756
2LJkwcXLz5fJfsqZsD2k3wuPcMuS4VnLLxSB7CFyySey,RvH,2026-09-03T01:08:47+00:00,False,FHhnffL5d2BFvUDdQ7TxjozWKQYmvQM8JPcN3FMV5dfj,2804.007457507465,5542.366529308662
CNqtZ5n5t5S85ztnobVf7LcPi3NDMxjiBv2i26mRvx9K,BORGOBOT,2026-09-03T01:32:03+00:00,False,5JifiR7E29r2BV6c76zsKmcacsHtK9JmAzAJScjzdZ5m,2815.355131956889,4025.496265491846
EsSwPDgtd3SJAjXBcYGpFWHD5iUrJGtwwAxCBpzwh3ng,bullfrog,2026-09-03T02:19:46+00:00,False,FBdgrhh5KLXaPq6UdZvM4khzfbAqi1ZMMwPxsLiEj1Yt,2803.079771037836,4226.13994046739
ErEGLJTWi7FtKWcArKajidd64hdzKArDjgmtbRKCyT2G,Nice,2026-09-03T02:20:57+00:00,False,34RshKCE5GXAj6FMYY4oaJAz3AFLX6mwA6mJz3vqzsWY,2806.4703699458437,5479.111431306131
Cvb1KYoVs1PBGLRmdbHss24KQYEPQgyq7EhRdi9mx9Zx,DATA,2026-09-03T02:32:14+00:00,False,85A2y821iW6iGdqNBKGASwtPkpnV79VhuPKh8LQ6Bhun,2822.6280181201005,3261.3161519170712
7hu6V9S6DGDPLHs9BHiEPYkQ4iN3NBq4uya9h8HjrNvp,Appleseed,2026-09-03T02:32:57+00:00,False,6cyHNfVs5cUjgviMwqytR7MmbrjjGt7vCKQFTeEovtCt,2895.6878776399553,10315.018789477086
9kQE4uLzAwTimpJeEtb19Ns1gBdeEXbvGGrPLWCm12r1,dog,2026-09-03T02:38:42+00:00,False,6RFJBcNugwsEbqkMeM2utokBmwHT35KGK4o3k1V8nuxj,2820.754009766802,3862.4703031866065
7D8ygAd197x4WidnWMjMuzi8Kwtf3gsSr2C2U4aC67rm,dog,2026-09-03T02:38:49+00:00,False,H73GMfWDDbGSRZjrCMTJE1884DYHCfLhC5y9NrcX4FJ5,2813.5523825932205,4034.4901503675515
CxMns8jgygiY8yAEGuPEGAzAcd1Nqoo7jGDdfdZyebiS,dog,2026-09-03T02:38:58+00:00,False,CjJ81QktsjQCDTtbz5cbCvcFzdD4HdhZSLGD9iMZtmTG,2800.9932816422984,5219.857764276501
GhwF5ZkaCJsLLzTEvw3Der4BijdoqNKzSss9Y1Y4YcVq,GUCCIGUY,2026-09-03T02:39:33+00:00,False,7kTEaX6eJUVeFdwyhg9w8Zk72swVacsQc6EeJNnuDH4B,2813.7094298487054,8809.658255663971
FSy4EqMkTHD5L2LGdGNhCN5bEqEC9MHU6CRWS5SfVPYN,DAN,2026-09-03T02:40:46+00:00,False,2K4rfTSG3HSbrGM6kmfs6Z51yVhiBLWDmpZsqZXLBdag,2798.991626213509,7229.936879911355
GwNi4H7FCYshYDq2sxMtjvvJyPYHeAnZuL6tGRmgp53W,Rucket,2026-09-03T02:41:37+00:00,False,7dwqoQuBjjfxRBpKJgiTgn25TG84ZiigjCvSq9ZysRBo,2906.376809728689,17220.37067490603
28db8n8RzoHLBBX1wZkS9CB3NDBzqguewjrpGLX5Qe6s,XPA,2026-09-03T02:42:11+00:00,False,AfSs4jSpAcDARX4ayQG1rrQw5tixhU3ptiyBVqZpRj1u,2817.5314613714327,3198.573071911015
2SwsdN3byNgMcQERujrQoP3SfB3uJxzzNqBWJ53Ystcr,JASON,2026-09-03T03:00:28+00:00,False,DfZTmxrUCEM6MEmNiV7VPjEiZTNNVPxynt7fAV8BfbH5,2823.8583415703633,3576.235305219162
HkGAyCYm4CZF2kmH2qfcmnvnmJ43bbXNRQEA9neLm4zt,world,2026-09-03T03:02:47+00:00,False,76dr2913BgSiZBCEaBVXrpufmDmhQ9L7Xq4QM84dJMyt,2821.877099372327,3553.686090902508
2kv5a9q4m6FBkQ1ZsTankpxXQdYUteyTuhKix6VCnCeY,Journey,2026-09-03T03:05:41+00:00,False,KwWtnqMByDrcdwqRsZB7trQrnCeGmpYuF7ZN82P4S2b,2922.225872774995,29438.13779589189
2CmPRzxcP9wJqhnmGE5XowG8N13kEcM2e46nvXW3GLnn,ATH,2026-09-03T03:18:06+00:00,False,4eytxx8Qw1TdKr837vgZGz7s57RAyDLAF9BWvGVMXg3Q,2814.631874847521,4878.8364245599305
8wB8zMWbhzHf45QsjpKMghsxTpTEBwraAunpBaNEzSVX,DWT,2026-09-03T03:31:44+00:00,False,EqLFTuvbujXSjGMfA5Q7M6jQfj5wvUMMsr7u7RcEwBm9,2891.969452684372,16222.278113550363
FWuDKgUdGHoi8EZvdqf4WoVaHn7i67GPDoPW3xMu7wTE,scam,2026-09-03T03:35:11+00:00,False,CrW1TNMZz6Vx7PiaLkEMm1u2QHavPACnMWHjb9UzBk4e,2808.4808956239517,3868.6611825625196
HJeXV89dCpD9ruC4n6WGq7ULyEZ3oa4HBqBqTCbLQPah,Forkcoin,2026-09-03T03:40:21+00:00,False,3em7C1VLVEgJ3G1c6r2pkYaRUxpuGB38aaJyQ3RxZekR,2807.629742647026,5194.389510745714
BBV2MRxMpt3dzRNuiZc8a4Qd9m7dRt9VBW86yYwda2DE,Wassie,2026-09-03T03:41:12+00:00,False,8XVVguZCkomyWpKej5wBEpA31K6SvcSGT6kG6Xszmgbd,2917.8118083029767,5641.139589658212
489kY6ik7HA8i7AH16Sm72mxSM2jrELnD5PJwaqrAq53,kui,2026-09-03T03:48:05+00:00,False,4rkdTVa9e1XkRCFLB37eZ4x6hxyzeqT4U2jhMiyGYgVZ,2926.4700749084363,5429.695477764087
eAaxSSLHJ8gF7VVifq1Gaw35SaUv338jgWFBq3xzgqU,lmao,2026-09-03T04:11:23+00:00,False,FEZ3UkMvHhrcoPr2mifhneKuQ7UAuRfrDcLwQfLS8mXV,2804.007456385862,3865.705496343215
CJcc5FRzgAEenkLAqLRvpq4b7VHaGdkZDPzXyeWaUDsM,Slavelon,2026-09-03T04:12:03+00:00,False,FaENsTN23HFHBiNNhDF3RMGWFwhgCLm54w3TxVrRwGRz,2807.513543524382,3843.4952811381495
38TeRfqPoo2x1oqUZPgvZPUqvjLQ92uXWHc3ePjxS1fJ,CYBERSTORM,2026-09-03T04:14:10+00:00,False,J6YV23sLhAbibMt8NG6xs68UaSdHyd63ZL1UCoL6KPXd,3091.641629319314,6552.003289388137
HBkUDEcrNJ2E5m8LdMotRpw5cfycn5b2kYf25ikw7buG,GPT,2026-09-03T04:26:18+00:00,False,7eTR9s8b3G5Hsv8waV14W6FBzsfsfqW8i5XNSAeFnJVu,2802.3170757042762,5458.638693961708
8h6Qurxx4wJZ4oJWgsB2LuP3195S1EX9LgHKdsGr79Td,GPT,2026-09-03T04:26:21+00:00,False,5439CXGVGStu2sDdPBb71KgcyymuRBgMtPoQ3ucqfLH1,2952.62789832777,38075.96616251872
4RReh9TDMcmokQNTSDEXn358CZT8ymEZmr9rSMkjw4Jd,GPT,2026-09-03T04:28:30+00:00,False,9EPiaePpg9JWfNrBAY4dCoxQ83WBb44zgDvLNrLo5zGx,2915.0063790548224,11694.217826027378
7gxEKSQrpQ5tKf2aibJHBpCEDqY8LbEvBR2MFD9myDKc,CYBERSTORM,2026-09-03T04:29:26+00:00,False,HsEyRkuQKRfEjwssQDxtFNqDKA15y3N7MNarypAjTy8R,2932.898418296645,3918.809509327622
HDq8ZwaRQdXRM5Y4YSBDPAt6SsBBmdL1XKHcW8QCCUhk,Cyberstorm,2026-09-03T04:41:27+00:00,False,BUfcXqZHL1fHn1eqSMrNU2LtoqKVsJtXpe2bbKbmXE9M,2798.1360696199067,4369.200472949878
Gq8xvjnZjs2dCWuiPNSpBSUWXPTFASNxFXBNWDYFpUdn,memelon,2026-09-03T04:44:12+00:00,False,BVVd8H3kX56Scrf2hnuev2aBwynvj6cy3LzRkAjRR6Ag,2800.7973720148434,5451.308547082254
FKAUvFFLFGREsKLTyGZoxmZJh7B1YYBM12oH3ar8C4Ri,Spiralism,2026-09-03T04:45:35+00:00,False,GuLhVR1xygmxAh1T6bmw1hcXF4UEcBNjwnLb5Ye1SQbn,2803.0236889494354,4874.988283035781
AyrGXDMUy6KwGVSKTPSd7vs9juMeSC3wrgSAaQSgEmLB,cloak,2026-09-03T04:47:17+00:00,False,6mxn3tyBum6axjTDWwbXCfrk5xpPRWXCTuL45axzaHUo,2937.9310454510346,4470.549450785549
CpXF7hfG47Wvnd4Y7omrw12FeBZ8m9vDpUKocXaPtZ3R,DIC,2026-09-03T04:47:44+00:00,False,7wKbiA5ucpCvotev1YfhDvsSPTgSPGGh5hs2mhd8c769,2971.2923362578235,20491.87811385464
DsSM6kY362NF9bZ2kHY2JnQQj8goNNdaUxrAjnLinHSe,simulation,2026-09-03T04:48:44+00:00,False,5DyGvyUAmP9pE6v5KVVw1tYSWCL6PhcbKAjDDe4Z6f9r,2815.7211334948047,3826.1868554188914
BWXQos7SsG55fQYnbDsX3UFmQRhkbEBMAwPZKLfJPyja,XXXX,2026-09-03T04:52:07+00:00,False,Djn6y6giL3rG4gTd1kEkiwPGu7tEUWLnA1SgGsRbA4oB,2853.758450594838,7019.132078118136
AszCM3V6CXgzAPEwoLtjt4sXSquZCW9gYUmAsyEoc4Jc,TEPE,2026-09-03T04:53:21+00:00,False,CCdnoqMBXEmdsPWBHnnewK8amgYvWXmMEhc7wBcAL25R,2801.337569541814,5079.140803523334
Aeuvnm2tZNVWmk3yANXm2dEzjfHc71eU2mywumn8NJ5W,entropepe,2026-09-03T04:54:31+00:00,False,596BNkEPY5dX6Ys6Ri7sDD5KrXuPgySRtcYsZiNiea7h,2820.2236733579243,4814.683825501006
7B3Y1kRsfqcWJkLmfc99jQEmwZ5G81L1SxREivKCbCX6,EIC,2026-09-03T04:56:39+00:00,False,4Je29ekxyfEDWLq5L12wemWYhwGQfu3KZhqUoCTswJR3,2822.5341865619394,4533.332535035916
F733Nu3jEMXVWDqrcpEnLiGByrKbJqaF8iMqn5PwvnZ6,HFC,2026-09-03T04:57:19+00:00,False,Cr3Gpzwai63h75nQF8fRJgHbf24tBhc9C6sTNZEb4qoS,2821.4243234432506,8112.461178338206
BBhT95HrdsetC8w28zDfGurbSZ2JK2Hna38G7yif3kZc,HFG,2026-09-03T04:57:23+00:00,False,6ci8hkED5QxCvs2Y4pgr6R71uyt581wo3w6MUKCNpCQH,2801.212589400768,9707.251072039373
9ux9SPuQyCRefaM7K3Az6ooUmvduypetHgshuqS7uZsL,chopsticks,2026-09-03T13:24:16+00:00,False,GoPNxRu7USMHusHNmb78qfTt2xiv24ruEsjh9m7NQHQt,2838.676608682973,3357.5857792632196
HNJy5NHrNM4W1tnhMnuv3nMAigoJCWXJUnZU9VjE721T,hairdryers,2026-09-03T13:27:50+00:00,False,29hQbUw4QGAGtwp825GB5o7uPrdeSsj19FeeDKN3K8Qk,2835.7852769551137,6106.5340478797725
4sGbNb8pM7kcZ6NqNmynbYRgZgCmAa5772V5uUQwbcoq,chopsticks,2026-09-03T13:36:09+00:00,False,VGuiiMvJyaCXwHjxZLTF67aeKvrBdYi6SFuV1p5z818,2828.052191817987,4069.8303781752766
9BV53qu4ip2WuT3FJFagCAfV6suXBo2FVHReVmVf98N2,GIGA,2026-09-03T14:01:14+00:00,False,HwGDcpNNFkqzKCZaZYsBShpxwGEZpmcTeYXZTF5pJaYu,2883.4256065558798,9170.344524209971
G3xfbgXiYYGAyv9Uf3RjtgiP7bb2EyDGxqZEj3WjbSzC,CayEnne,2026-09-03T14:04:33+00:00,False,FDE6kVTKtfUhfvo7FMpmxkQPq5hf8XcpZGBefKQssWe,2840.3541489549116,3951.5300762659713
DFcRUB65pnq6ddZyk3vEPxAhq5N8rGTnnw6x8xru4rEY,CTO,2026-09-03T14:05:04+00:00,False,KLkpGBrrxUJqBcr6cHZa4WXM9fnvJEseD5i8EnWJxkR,2911.8704585077476,3993.794314573479
Aw6wi1p82yebHysCN8dVwqk552QovJD7oXXrd4a7BL6L,worthless,2026-09-03T14:09:54+00:00,False,CwEDLJSSvPWfMD8ZFzk6eGX24z5dDJ5rqvkDqLjXn37D,2912.6994877579086,10918.374881276548
8Zkzz3vWHojzG4ujXht5MK7MPTE7mSYvYkxYUi6nBHzv,worthless,2026-09-03T14:10:26+00:00,False,5myJHLm5E1xYM1euBmab6pLC5ePADqC4ZGbZLQUJWNor,2860.659459525027,3919.879078248668
CjedJf9A7mxt8rngjmv4hQ1PQcqqQY8g97mgEnpcZ56c,JENSEN,2026-09-03T14:11:46+00:00,False,CHpEBRjCyd133XswTWQ5fDzQhJBVHHdVkqpJbpMSbm7T,2931.220879761342,9017.33497729406
E8UTZMeFgBydVcB3Ruz1G7ngxmyPAg1C7hwT57HE1kwQ,worthless,2026-09-03T14:12:58+00:00,False,45zJ6qFz9cj2sirFjmuyKi7PDzc9n2z4DTpLJ7XbbAHr,2921.7148219673813,4438.774155139639
4LAqofDkbJCJAeCcppRpY8AGyqMbNX5fcay8rD5EKhqZ,NanoAI,2026-09-03T14:15:41+00:00,False,GkFgXF9DSCdzf5jM69U7n9MGQJ4iGvokEwMx51ZBWHFv,2845.315626853335,4399.201368648183
4BH6Hqu79Ry9XoPEP4XG31GUtjg5XadkbTpyjc7VpU89,OKCBOMB,2026-09-03T14:16:59+00:00,False,DkrEZFBReYB57dvj3nJD8ZvQo77agxnyiAEVPVrCwbin,2851.146390856736,3952.9234121463396
GNd3NtfQxDvbds3LHPNdvvLAMFg8dVz5sMXK7WaVH5YW,centauuuuuuu,2026-09-03T14:19:43+00:00,False,qSJurmJsxAYqHh339CggSQD18tLY15qgvMDM461wm5G,2858.83436063563,4453.382070431254
GCbnFYb2Ty95hqg19cT7mH9QzrYkuim3f7L1jzXxaFpr,Renaissance,2026-09-03T14:23:56+00:00,False,FTiVPJgPbiNBdGPArSfuAQ97W8saxdRrJspsycga5Q1u,2862.7213426042313,4978.214163579487
EPKex8SbiguLh2MetToP2AtRKZ67FiVB7v19KXc1wkMe,Renaissance,2026-09-03T14:24:38+00:00,False,CRjzVuYytpJpvnecnApBT5Yhj5wwharh2uayd1ariAaZ,2865.517242812069,5364.3681859505
9hNQnVL9rRs2UMFqwopHa9RZmwQk8dSc9jXRt5oGDTaC,GIPP,2026-09-03T14:34:18+00:00,False,7ckdXjDy1DL8yHLE8sMyjqoWGcuBtovpb7zDuqwdRGTz,2913.0475307744177,6427.2568108316045
6uyaawBryeWEw9bTPZ8gF8aVnnKgUuj6uxuJuEd1VgNQ,MagaVibe,2026-09-03T14:34:47+00:00,False,3MmuKPUvHGgvZXFa2BUprJomFqyppPzcAV6BxhAQhjxh,2865.237652781659,6312.255723595279
7iF4MRwdsseYPoyVv79Mt2DvgxgseaUYrCUPWdxpBk4n,HOOD,2026-09-03T14:40:24+00:00,False,2giKhtpHJdY1DJfVbR2343rW8AShA1oERJT4bGdT2GwW,2942.1867931641273,4415.186261363228
9UcNEB6FfPN8yYqNZ4CAh5wwvMeDS2hMGhi9pkRKsNnH,gruk,2026-09-03T14:41:34+00:00,False,CjKaH7bYEq3bMiSoeEfeDZo5WkZFgscKcXigCd1bEpbK,2877.0866533019307,4320.864703097408
DR4Tr6voMxmEvaejuEZnVvr4wgWa2ksa8qCurmtcWXoT,QCAT,2026-09-03T14:46:55+00:00,False,7WnvEKmR8UM74HQWDX8FDxwqkg4hDpSHNq1qno2f4Wed,2913.3920647730097,4727.432316049621
432gs3UG6x3A9cxHaw1pFDW68rwaekQyLxwW9gnKfuA8,billy,2026-09-03T14:48:54+00:00,False,EZNSzEeumcVgLgP8VTXLqnxcidqgXfCiQmnfJoEWBw72,2930.00411014892,13182.714806785876
6riCzm21izKkZDiCgV7AxwGk1zpgHpSL58JjXemusPp4,WSB,2026-09-03T14:55:11+00:00,False,9pBQ2JsEipZgiQwQQUijWdBE2yDy57XN9DUUCuLiSnni,2902.3815796955473,6680.340419968038
ET2JP8d5d1iWpNvP4poYdTiV2dfyJhRrBANkZPrU2wbx,GS,2026-09-03T14:57:59+00:00,False,FseQbWE9GSh2M6awy1MC6emT9nctf1hqt14THbsLdS1h,2906.662911682636,5058.833091725024
BaVjGdLTaYSDU6JFAoD6Fs7T6fWJqR5xHBJoHG8JMTbq,GM,2026-09-03T14:59:29+00:00,False,CHScf3WPpR7fUT5rBk8YokRwWdb3QaCfDtzd3TL1qtGC,2934.376185670884,3373.6869975092236
BahBxV9bQhyCXxj1UFxcrpfaAugHoyvRctcsKpeE9A42,420,2026-09-03T15:00:52+00:00,False,HnE6etZGpaSyu5uFA3sSEGVkPxqwoiZzpAPHb34dGaau,2923.8730714829403,4594.250536678093
9Rdh2CDXGPSYeqD5f3RXe8Bk5id82qEC3A7VkZbmZiUr,ASTRA,2026-09-03T15:01:29+00:00,False,9z9vQQgnDPjAwjWsX2eCUeSL6ANXsbXkrFjnT4Cz2QTC,2938.1541945157874,7131.924836175407
E7q3V9Qy7jCQC28rc8dGCJ25hvDgrbhv43Y1MZ4mFmbD,ASTRA,2026-09-03T15:01:37+00:00,False,F9z9kqQqHw82bTgJs6AhNeN1u2Na4odnCom1fEgQKxYi,2839.6410250504905,6928.4158600033625
3vYysmD2zzweDyfMURDjseMCNPhSfMBkMgfX9QW43Kcw,ASTRA,2026-09-03T15:02:10+00:00,False,6SANJCSFtRDVJvQVJcyp7PP26PWG9dnJUVVaL9QVs1gu,2935.97390591808,3654.220393464106
5YsZdxH5DFsbwWbttnjZviVjUh5Qvj9mguxcJ9pJDnse,star,2026-09-03T15:03:04+00:00,False,GNc9cFe4ZuZwdKHg1v5yREm3cehrTSSenao5nJUnycW8,2910.2247580922076,7775.215614473819
3ri7okzSfgPq89J744WkaxfXtsPHKQgJqob6waLDeyZJ,star,2026-09-03T15:03:05+00:00,False,H8Cgdp755zar3Q64LyJQaz6rpkhaQ9JdgS4AXc8onoKp,2931.220878100317,7936.487077089532
8nfBGVubsDeJnzqtcfdCqMZkz6WocLcmeQf7v992PR7u,A6TRA,2026-09-03T15:03:47+00:00,False,FpcqMDmmyC7u5xS2DQAYvWXXV7Q1SXwWxjcc9q3hCZE2,2949.114632659683,4081.20095901507
3hmwvHb2iCxR6sHh9GBTkkESL7L2hLUB1yK9u11VHoSM,SPACE,2026-09-03T15:07:03+00:00,False,AMeKNmfR7RRivkv6qXYHBZDkW8EHaPZq5p1Yei9xtefn,3040.476055490753,21458.72760462772
91QgsYfiAQYgijuzAsjbvTQbPfiopkPj8nnv4YFZ1AP,benchmaxxed,2026-09-03T15:08:05+00:00,False,4UU5D1yKWDRjvEBkicWBPxeTYgFVDN9cPwThkrGdmg9M,2930.9494407719503,4287.411224194571
E75oQfq4awMTgwoEXUQ64iQ977NiPYyzTGukupDTQcR1,benchmaxxed,2026-09-03T15:08:14+00:00,False,EeYa9ewsUqHHzEcLmRTPmfkXmMNvXircptFKXeHJnCmJ,2924.0979742746763,5339.090384996793
CvB35VnbJQ86VtCKzz2omQXkYe8KQ1yQCH6unG1G9eTZ,🍆,2026-09-03T15:09:33+00:00,False,9xt6B7ibhCkxbWq4htxwxtYw5RFp5tDhYWAyP1DpPZfD,2919.503486837398,5280.366779169806
51HVArxX7nNGUfQdy4UqSVrH4q9tufARrjV7uvSXx39v,Picklecore,2026-09-03T15:13:27+00:00,False,CxhK5gP2YYWSqv2XXZcWURDnNBAK7CWPYSFjtk3ixJhL,2920.7128497818208,3733.5421935279237
5TSRhQRa38VaxnLzrsvQ8PthqrSY5eNkEGgaTrtaYnWE,A6TRA,2026-09-03T15:14:41+00:00,False,52EfRgr16bgXiGr3V1Cr3smB8kx3DtfBDuHcDpQDjDHa,2931.5004675466917,3643.8142596224443
9jrfaRNtuYwFq1ZF5FMbKUuDss3ThKMFJCAmF67dMavN,FART,2026-09-03T15:15:36+00:00,False,D8KJ4mBbTWvBjTvBmFBM6C36XnnoDgZmrNC8sbk6XsTx,2914.4636836781456,4775.909184434369
Eve58U44GDeVuUgGNSfXa2e93zwn9CvCWowARLKNnNPe,attention,2026-09-03T15:16:37+00:00,False,H3DqSmdtaXxWvF6T7aGU3mwr7CsrsKAmYghpMv3hstyP,2994.1942378522367,8209.339765805216
p2qH2QeuYwr49XDL5Qd3YNKR3av36Ux9waj8dcVYXkM,attention,2026-09-03T15:16:41+00:00,False,6qQNmw1kECYVZ9JYLQtnsBSmRGRAJLbuUnmefJJq9zKr,2921.247350600968,5837.312321098458
7SdmrR6B9pkWM48xT4hpFMBK2b7iRHozZx9jS3D3BDxL,LLM,2026-09-03T15:19:28+00:00,False,8tJHNqKjxs1XzVkPrywnQXggC1X2z9Vz2NG5DxErcw4K,2909.6924515567102,3062.076279387834
13H7dLEenbhf5SNemYXRi12AAurV9oGUivGySJPdc9xy,SCOURGEBORN,2026-09-03T15:26:55+00:00,False,7SjQ32Hb6JV3dQNbEirzHcChpe18iVjvECYDxSmS6mLK,2918.918920378384,6146.761085632958
BCpe9StSTkA1qLKDCeNEH96qGC2hp7PoFaEUGwZbuMQF,UNITY,2026-09-03T15:31:59+00:00,False,JD1NPtFgbT5cTfnxgxg8HXQkNNcTXAdc6rAnZXviQ3Xo,2851.7627743502726,13689.067841067656
HuAZruTQ3MMMuiBU11vfSwoQaAPVnG4J2KqYFhsUHKxj,ternus,2026-09-03T15:33:34+00:00,False,AG8uq2PPauTTkjD42wFB8CW9ZAEdWBQz61YHip8ZXk4B,2923.6719485895246,4592.795733951725
FCdqJvQGFNJEAjq75CJ9ahTswFi8PjRfAkDDL9pwwBwL,UNITY,2026-09-03T15:33:55+00:00,False,HqPfHcHFrimkLRnH1ScrHwj6UbphsWsrcRrXBduToHpL,2925.4881250376907,14795.426192877852
FGEGWDVzkFGoLtmPFyVB51fh1h2hsssbMHmPyFiDGqZw,UNMUSKED,2026-09-03T15:36:00+00:00,False,CJBdQpqEFmBtY8FaH62PdYam8EMaCNaVai3y2JSitp2M,2925.488121722097,3406.4415240213307
7seb4XWxhx64apVxskugESGTosntYw1ogJkBiFmCGzTa,AnimalHouse,2026-09-03T15:37:12+00:00,False,27awf6vf4DvBgVs5t416FMwV3RUEAzhzJBSQBy9TAAc6,2922.8331788824416,3576.774150353319
BmwoG3XK7QcETLVQaZbvqiLcqXf1KegxugKa5x1HA4BE,la,2026-09-03T15:40:45+00:00,False,7XdDYB8dn1pedbRvs5VHFMhfqC8eDELkJH95tQUM22oL,2923.5550211455093,3320.4046199161453
J8vvCMsV1P4KLEqEXsfCpk2DDZCzrKhQYwrhKn8ECvbS,peace,2026-09-03T15:40:47+00:00,False,89i7q3BdFUEP1ULg2MLuauqJctw54irxRgsUYEukAE25,2924.9508315230487,3320.340520056617
4hDVM6GWSDCyozsXZ8chvzaPcVW19wP5A9oXkmCEcSah,Clud,2026-09-03T15:44:14+00:00,False,APZ64cJkCtQr6dUFLo2gQdckdng7CgApomK3MsRuht5i,2917.241379796552,2975.371925062047
6Av1y5xkkhHNva5YUXszvXEd795K91NWEmKe9Y2J5EVv,IBRL,2026-09-03T15:45:41+00:00,False,GEmc6G325PpvaRo13LNUfXEZNAJE8mts9t3mdqz4kaaG,2950.257917062896,11581.92953086673
HcHNzAWFUxWFcAHbtjij5UjffGVCBP141oc5zSm1cgWF,Birkin,2026-09-03T15:46:26+00:00,False,2QYZWJsYrT4QSNEjkZ9LBw6t6MiosZ4nGRxVM5Vf8cHU,2905.5942389428674,3736.136485017153
GjsSdsVpxjBiDhbbyXgvMq7Gs7Q4zvfFRMz1mEtTnmzv,WIF,2026-09-03T15:46:44+00:00,False,2QethDmHLW1JcNHxVeDsc9iv1uAibePXriAAtv17qoyA,2927.3583425633997,5218.834761545626
49UR2TjRZsYPBUcSnBrU6cod1HTYrH1vGpapxSqUrFDh,kui,2026-09-03T15:48:22+00:00,False,C6gLZHfDLufV9FZG8c2FuChAexAL4JyrfoQi8fSd3ZXY,2994.914726569235,30944.884267753554
1ei4U82LwE2kNwJR9FxxZVvS1o2wvMEjsdCaAAQhfoB,Chupacabra,2026-09-03T15:49:49+00:00,False,EQHw64WDsvqcyF9ESJ6ytKqWcw92A7ku2d1mTxDmqFJ5,2914.445480837055,5593.392900963889
2Rp16xscKqyathahHotzHpRWzyZTbHre2hRSKiXrNZYc,HeyGrok,2026-09-03T15:53:36+00:00,False,FLh21dnqXB4gevu5kDMfVe8cf5Ddtmo3zMemDwZfeo2P,2934.3187351665188,4854.330426509494
CRBPC6ieB7cZAwjeUazzzcUdsp9HEUj6uyZXVDEXZn7a,wif,2026-09-03T15:54:52+00:00,False,6tRRBe9rJfHbMMX4YMfe9VbzZs1Y3bmBZ4DiGMLooN3L,2936.2534966359394,5289.934485521535
9Dd8sH4YK18hvBzKqEagARwkhTb7tqPUaZyPFLMFoqdW,Snail,2026-09-03T16:00:01+00:00,False,CV9DYfG5LziJKd8nN67kAW3Vc5BBhzGjWu3GiLZXZqHS,2935.548575396066,5730.669835412448
BSeCd2qSL1aAC21gz2YbJ1CC6QozuHuRwzZQ3iRpytAt,Hilaree,2026-09-03T16:04:15+00:00,False,e6kvZ1Z2PxP173QXLgq1RFHDRLjKQcgFzayic8CHHBK,2915.563840965187,6984.552723404282
82ygWqzR9WTqxZk1URDY2WjUb5cVFEtSHkM7zHbRKPVR,Hilaree,2026-09-03T16:04:39+00:00,False,RLnndai2xjwdPdpScbhyKxhSMbJBVi7TyDhHh3pEWjS,2914.4454810313514,4349.634708256451
Q7fQ3vPdravLCEemNJjW7uAx3jpgrritVXoNdNiU9EQ,Jim,2026-09-03T16:04:46+00:00,False,4sXv9pjSvb26EzSYxLK1HBxLbnji9k9DBEQ4MgC6vUBh,2917.5209695368594,3425.3309506084142
EsLgE4muah4iXUawxaVPmN5JU5E3Ti7XuXgRjssMr2GE,RSPTLLY,2026-09-03T16:04:51+00:00,False,DPeqxgDX7Fj1k46U8GUxqz6caYg7xmbo754MUqurDUaW,2917.5209695368594,5235.787558176359
3vEsB8CYRomBnUoyq7mgNmP4xnRWgA26q1F61md3SSSj,WAH,2026-09-03T16:04:53+00:00,False,8SqhGKckciA1pHstL4Dwyz3t8uB8JhnKkVjYH6abZTe6,2917.5209700231126,7616.536347870908
86kTFt6JKC1QJvXsCViKm6XMg4EybZY1maA3oLQ36w3o,SPEEDRUN,2026-09-03T16:04:55+00:00,True,5qxfAw7z1FwkouQjMc3ofqMKqEVMR92GuMf8yyzgC7jy,2233.693084688992,80181.1215468463
7D8W4CHhoDEyQpFRWqMwnaVoNuN8K7uBGSTfpq3KPHPA,Whitevan,2026-09-03T16:07:02+00:00,False,2w1qKdYcCjud4HmjEib7TR6Ve6oTeiDH2bHTf1GAs7GQ,2919.75768930716,3980.2654982492077
3kZ2KMcs1tB6eJUveL6dU2dYTbajhnt9GdrTJNs5vzDR,ClaudeGrokSa,2026-09-03T16:07:13+00:00,False,86usHpf2xXnKfFd2p16QwNNgFcamq5WFsxmv5j6E3CJs,2921.1556391759927,3060.1393437915954
Bs3oatneb1U3AxjqYsoCLKU7VaSrmX3Yn4GuGqnn4ebo,BFA,2026-09-03T16:10:52+00:00,False,EQgG8nryrFvTwh8xpx18Ej2KSiWMnmQsn2MWJL4j3joP,2920.6135574216073,5686.777411492706
7bnWSec8aJuRceyqD9Q9YuysWBUbEfXz54Y7heN8jB5U,JIM,2026-09-03T16:11:58+00:00,False,3pKEcpaXvHhxHa9YcdkCTNDUaKmC31E4RnUHoocHNiZ9,2919.1087729364867,5099.880509225488
j92pG9tLgjorSzJx8w8L9cxHsn2qszBwXJHLhSsgzB5,Jarvis,2026-09-03T16:15:17+00:00,False,FazeW4kAexEvix5EVQaS9KsG2YKFGdGC6kYRbEkHcjxJ,2913.217319465785,5676.40615731004
7qxgBzWjigAzd3VeyhC5yvj4aXt3Kkxqh6HuxAFhSY5S,binker,2026-09-03T16:17:23+00:00,False,CB3fp9eM5yuJCAcB4TzVAwSahu4P4VeRx28AbNWVXNQ4,2911.6495831385437,7129.252668871004
8cG9358NFqgmEUaU8uWQ9gh6FiWy9y26vurMKZQLkNXB,GiantEagle,2026-09-03T16:19:29+00:00,False,4LTTTCwj9MyMPa1tkwFFxhQPRejrz8dvUmX1AAkhZPiX,2910.2516316203473,3969.8545878597834
7UWWZCZza49awiaXe4qHBFQNwtGHk4M6czSJvRVXQWtP,AMERICA,2026-09-03T16:21:46+00:00,False,Estx3cUvwQvzbw1mHCk35fiMow7Uad4tRA7LM6gdZaGJ,2944.9207842261167,5666.644336741464
Cb7SRMA6iZCDnJYgrQw8jBGj7JMA5WRsCBmokvCzoaC5,Kirk,2026-09-03T16:22:25+00:00,False,5wwGNL9z7LXFD5kaBExc1s6Sz4DWQzZ7k9zfT9T2MszM,2925.0699007012677,7673.570649613707
FCkJTti7NoshAn3y4ns4c2dWuqDnunaKnuKrQfKcDLHF,Trumpian,2026-09-03T16:22:53+00:00,False,GBg1tEtVRnazt73TEfcMMVX7vjSpWcMjkNBALgHoUn5D,2906.896552305517,4855.486646775415
7dGg1ZSA8posMauFhAGYPDWYz3Tie8rpuFb38TwKJ6n5,that1618guy,2026-09-03T16:24:21+00:00,False,6x6PwUumQyrwMDuhboQk9yFPRbtuX5nnugcf9zreNvc6,2908.0149119478565,4576.482193911469
FuK1dN5yChkK46niqC3rgsrfLURT7TmZsxy8UwFZfa42,binker,2026-09-03T16:25:13+00:00,False,FYEzUgHuKXHbT5GtBhjsX5yqjBpFgyLusGPnjMYjittq,2914.1658926507166,6075.5847319505965
72vL6cDTa9Wzr5yeq9Efx1Qwn4v2DrUGSNn82D8CiALi,purps,2026-09-03T16:27:33+00:00,False,C8SjDbFCHK7jDiJpxEMqCHDR2nFxkvWEzoUnx25VT9Fc,2906.896553371382,4705.526511734548
HbCA3BojNdjdHcbV9gY1VR9rQfQ5zAaaFKHg3Xn4nyft,TrumpBall,2026-09-03T16:27:58+00:00,False,3BrKzG17jNf1uAe9iau3t4rFnUMi1jd25bkq1qn9tdvm,2908.128855806222,5115.338943701458
BEtGdw43Fo1gnFqBUgRvsPvEZQfBmUNm4bsSb2Fa6JrS,airdrop,2026-09-03T16:41:05+00:00,False,7CEkHD5h2XLWsJmB3YjjaTK1AAVQ8THCR9KKVwit7gjN,2856.4345440395305,23114.70809680068
62EKPgYyr5AhrdDf9iB4C7FPbNReLwpwFDarYmnQ4VW6,SOLDROP,2026-09-03T16:41:10+00:00,False,7oGKH4HbUdZT89BWZEqjYjboosudMYXF5kZU4cp5RcH7,2935.7820676049155,10032.869470678355
ELRqCwFQyP4TcEt8qqDsfWmvHDVdsV6VURqLcbkF3AsR,SOLDROP,2026-09-03T16:42:47+00:00,False,5ySAac5wqe6yXuFfqPZgfhXGKzESVpPCxtZqmyWTauU,2925.6224012141697,5109.364058730411
GpZuKhQSQnVg4VjywU6BW2WqCr3mx6zR7PYVnSJqHsVf,Airdrop,2026-09-03T16:43:21+00:00,False,Bbekn4iFnS58XNdwxuSRNt7rEXhsPVRmunmwU3sFTz5V,2925.0698994337454,5849.75743044256
EDEAGZ2YfFMoFTRJSCeruKpN4g1nShWL68CaEcmQgNyP,NFL,2026-09-03T16:44:09+00:00,False,q3Le5fRSoDyeR5hTTu11iDGFfoyV2ikVGG9tCpgkikL,2944.920789232479,4307.043404391434
4XY9FZiidb3Q8N4HPArVLgns9pcoTyDcYWgYyBfEsxs4,dream,2026-09-03T16:47:26+00:00,False,ChX6bNJPemNX7QyXj6f6SjscnCBG3DDdvx3oFJbTP8n8,2923.175010875283,5438.641840115578
zvV1yHFHH3SdxZv5R9QQr8y2Y1hnrKS9LoKUwVJnvQt,WENDY,2026-09-03T16:48:39+00:00,False,7TP1sVfxJsUeucPtCmAQDEcEJAL7NN2USJxssPVGLNxd,2875.60122460007,4088.7556256595685
J5Ycq6C63nMrNq1spWw7sxtsfxEK71KiUbSp1hmpQF5M,POLYPERPS,2026-09-03T16:50:42+00:00,False,9sSPXnPbvicggwtyyBZhoP4PUU5vxwVedtTQaqFRiiKD,2924.231128751622,5024.503850026628
s3MgvBy9u9BuDHaMauuHjw2kUwYKdm4eQYpJjwtW8k1,CRYPTO,2026-09-03T17:17:33+00:00,False,2aUbnJnRKLeftT85zWzcSCNLqvZbTfPhMjqL6rU5z53G,2848.5761060414634,10466.636550973779
Em7QnrYiiKkQ9x9fa3zRGqfw4hSoW6zZg3KvE5XXv863,C,2026-09-03T17:17:46+00:00,False,4vNgLuA7S4HEHqsWtxMAUtUSTHHJiRjfPmwuh5TC95Va,2937.6514620760354,15660.528597533299
DVufL31VeSKhCSPmFaA5VuqhAztHu7Zup3LJ2VGGJUt8,Lucia,2026-09-03T17:21:46+00:00,False,83GqGLpXTyHs1KMP7H574XqReJXibjxpEW8yWRde8ooh,2931.220877025536,4181.568213379437
EW61jHdnrzAwki8iehAry9sbCWGxLk1kaJ6JmbCf2ubQ,REVOLUT,2026-09-03T17:22:14+00:00,False,G3qP8WPBBBFQbP6ZyTQpcBpQEwYa1G3ynZj4jFojwbMZ,2926.7474375800557,3999.3211352786134
Bavc8LaxSoCFGVSxQi1JAs1CJpZs7ug1x9eANQBEqgfM,ED,2026-09-03T17:24:25+00:00,False,F73GYtkUBqNEUhNPZvCCj8PPcHdvMGbDauaQaq8C83Qm,2932.618826015536,3968.7060900561946
F7jehnXoKbZBBw74CrwrqxkrqKCQhTtb8oVhwGN1Q4HY,early,2026-09-03T17:29:55+00:00,False,7rLcqrtKUKJY7UJ6z6Pu4gma7fBZJhau1rVKJMo6fA1F,2932.6188267975676,5039.766109790979
BwxVmdEJcR9kYErJbitSyebfDoA6rAyYv9hHxEXQRZxj,😭,2026-09-03T17:37:35+00:00,False,2iyQ8q8nNG2RjQoKCBwbVbaNNuGwvJ4rgcyBc8jTeDDs,2931.6263722325375,8649.876968103732
7PE12yh7CLYPC2rszx6AQ1xLZgSyj3ptqfqnuptjK2eJ,wif,2026-09-03T17:38:58+00:00,False,ABZhFRHbhCnKNUfC8mqwU6Jm6ABRDHstajBpbpvvNHvq,2915.1493417805423,12883.137111604528
2RfPNykst8D6ZM3xb3zVUxFtZntjDSnRDMvZznRuDy4h,WHI6900,2026-09-03T17:40:23+00:00,False,BLNyPbjFrfWxw3muHZht8v6hisgYSQTWryWm2ph6szRN,2928.4249778722115,5498.92040768924
2nEF1bVetDUB8BBbUJo8z939Fj4iGvThrPajD75rVuY8,Coin,2026-09-03T17:41:27+00:00,False,AVJqtEAobYUQAFhxAzf79VvfVeAAE813Y5CGbwTbo4nx,2937.3857541335533,3410.659207004142
6FE8HWwjY6epiaChmrHxYn4XMQZTSyg9rRfwqeLC7eq6,🪖,2026-09-03T17:44:31+00:00,False,89xAMkknkpDyyUx3LW3xPMBxXQqJG4AaDN2CzJhAehn7,2898.9431113238566,11108.867734256592
8CuZvA2gaMfbMDRAuJJfxV51XGRYAHXEuuktWxe8NDJQ,ZCAT,2026-09-03T17:45:25+00:00,False,27wwwveFnxx4AbT6ytw5B2txs21Q8pK6nsk5DJoVgBFS,2936.5489970143294,6225.7064678011275
HDiRHCnnUSMmdcV2VtAcYx7C3mzUiioDdHpg2eZqXa14,GrokInu,2026-09-03T17:53:16+00:00,False,5tw6KzPPgqtLJzLJzPLyAyCdW5vHss7EeHZEYdvf8F9j,2941.8452958248517,4586.308673606732
7nUZpyRJ7K9mmoBiStH4myeNWz46ognEyb8b1Xso565t,ZCATBULL,2026-09-03T17:55:27+00:00,False,FS3JuVwPdNf51VcKKauyB4QJYpmD2aCH6FrYPjGHGPd6,2937.0922675176607,7297.981703555595
AbKsAyHxjdBDQC2h3p4xyTpZ4jyN7xp5jbmAHf4D82Gp,Tiktok,2026-09-03T17:56:28+00:00,False,Hkb4hLyB5qgGQNL1K6BiUVnJhoGk63xf1JALjo7EerP3,2938.49021533178,4038.632298198577
5gPrn9YdFzWrNXy8BVx7Uy7FrG5QNPV1fGpQ65hnXber,woman,2026-09-03T17:57:02+00:00,False,G5cktnaKLQfdZm6GBhqZGFMWTgNUnNvJkc6L57UmEQQg,2935.8322848229495,5731.925107532894
r55Bt4JjTTmhYeirJxagf2phtQstQmyFf6kLg4yjRZE,ZEC,2026-09-03T17:58:26+00:00,False,DK4p6jmQq7dz8dNUrT9YzGnmrQ17u2jAFAycXjr4ZHdf,2917.456394080664,4927.913974206261
79rQiRxMuac53RzpahWRJ8a1ZwSErg9o7BrUz3rdz8RP,merman,2026-09-03T17:59:37+00:00,False,7ncMHp2xzPgLtEwBYBXoswbcmmHGY8TwYfEbQqhmXrqD,2893.546133110848,5165.616800133103
TwKyJxUm9NRmNNKZNxhLWivGCDVCWBBRzgj5vCQGTcf,ASTRA,2026-09-03T18:01:49+00:00,False,BCKNiTnrsVEAg2wnM9SbzGmpmbmzgNvP6YDmFKCxdHir,2942.1867929679843,3769.112930858287
FpLCdyKMCWLo1TdGPpQCqRMcwCaUajh1n1b5gmLMjAYg,Jazz,2026-09-03T18:08:11+00:00,False,B49x8gggg31mqeurDYRXXoxvhP7hDBPA76kbCPQa7xsL,2941.1285486683746,4603.550979952924
2GvfpPis2rseecbR9j6jgPHbSzBmo45ssYeLaRCzDsQJ,AGI,2026-09-03T18:10:28+00:00,False,HCAiAdswfbLECz376yXH1AYX5yLxiAcrhckQozGPhhrW,2953.6630035490343,10366.251909982955
FAsdfE9821dH9aug5r9fogFZzX4oeH9Y1DbBQdD3vX9p,money,2026-09-03T18:11:08+00:00,False,EPNZd2aLHhMRbrGR9ztcoDPGWRfrsoFqX94WNwCWg9Ri,2933.737186634818,4229.533090798568
7Js8UY5QyFJ98Ei2MLXtVCfZvfAtqUmCVT2eUy2cQEw9,ASTRA,2026-09-03T18:11:52+00:00,False,Bto5aPG2WkPw7TLXVYGeGEsWh5rWSDWEdnvZpCJhv2XJ,2931.2208790773907,5162.98562411145
EfvXpT63dFbo2ehzYox4cQv6tL4AUA6DC14B6zxUYzh3,Asstra,2026-09-03T18:12:03+00:00,False,65RefgLgjQjekj8GcW5yiTcXFR7JvSeBGmqJG3PBMAyh,2931.220877123243,4015.385521343551
EKTCvZ1KbXpEEnbVahyUJucKK1qwhsbgbv1PPR9orbvY,AGI,2026-09-03T18:12:36+00:00,False,3Y7MqjT2sPe5JMiy7vsYrzKdZjhCbWYXbJLEAL9S55gz,2908.8560786934145,8119.185471972293
8ppft4wYen3dQYmdwfskC718DYcgH3jArFh5hvPAh1bk,$20,2026-09-03T18:14:29+00:00,False,81dhsYBo1o46AdaVUz8CVnuhjWMvrbzmfsppbQmLRRhL,2935.680994571298,6576.410386233235
FnS14yjWJjPFXv429MLsS1qy7hENHP8ZghkkFAftN2qh,ASSTRA,2026-09-03T18:18:00+00:00,False,ES2nLTvNNAiRKNGdeaLNyXcQourhJ9zn3QMLhBWyaTY2,2929.543337514054,4038.714593591084
5kLXDZ8rdAcG9E7nsWG8StPvf5ewt3F6u3M4r4LVNUi7,OPOS,2026-09-03T18:18:28+00:00,False,dfTrv95aUv8qaxgUx9TYJc3XiAUjDUcRErnQ6EHWoMf,2927.146011846819,3975.535487891493
64emUbHbpv7wQH3dhU5rjNaQn47P15ed8XXvmUtURzPT,Maria,2026-09-03T18:19:01+00:00,False,669YaJdeX2UCdi4961JLBUcofUxkT3yMtGW5PZYJXTLx,2931.1233421465067,4589.164586442374
83yWfFik9Yu2wThb3nhhEiMw5MdUsCLVHrYL13ip5yg6,Astra,2026-09-03T18:24:23+00:00,False,ANBswhkD53rDLLJaxeKkUxJcYtKybZnpE4Z56uBj6DmW,2926.8553733308963,5701.1940504182985
C6JPTMdagMy4w6FGRDnbCtHPeA27b5SnTCG8qbWv9n8b,Astra,2026-09-03T18:24:25+00:00,False,TubcpvNy1QbpRqju4RQhiaFddFTa4tBDPtJ7vfaPPct,2930.1025168954334,3974.1663146726564
gtf6Sgzs1T1iLhtwXZmk4QZx19TMArxXGVVZcPrcyvX,ASTRA,2026-09-03T18:24:40+00:00,False,6napkz39GuUBP7bm5cPBQz3ezoiGhZeBGZksYAAor9wZ,2931.2208769278286,3973.0021538256074
23a8w3eckowfYEuu1Dwk25L3wsLroErabA94VFtzcETf,Vault,2026-09-03T18:28:34+00:00,False,8RFxaPh5sDP6zup3iaBb5MAhAgmzjX2UysJ2FRi8tus8,2927.043132152657,6146.348047224066
HaM97q4pWs76jWmxbPnaM4Vj7YjLf5Bc5psobpQ92vNo,IMPLANT,2026-09-03T18:31:45+00:00,False,9oaELegpBZ1ZRgyTgQxCEYMhxR6vYPpfbhM6HT6DWiRs,2836.160305414211,7669.210585439746
AVpn2XVrbUcL3V5MSisM3BSZdU8he9kyBRKFMufZHHg2,AGI,2026-09-03T18:36:31+00:00,False,4N2EHgji8b5mg1DXbiASeycLcYnVfv2m3F3TEpSF7rFj,2929.5853823752927,3976.043022326128
23QtpYMcKV9PP4fxZxcRcjr24mbnZp2Qw9Ha9Q58JJAi,SPL,2026-09-03T18:39:39+00:00,False,F7FXRXfX498w1jYxuUqQ9Gc7rRUTkwhCDmPxjbRQmC2d,2897.9496752607256,6221.246822381286
36qdcPmhDMPbMxNvnyxNhXUcovKNga3PWhA3UPTgsf29,SPL,2026-09-03T18:40:05+00:00,False,6W63pjtQJoUyy24S6Q6ADddbyNdonhZQfk5PUHYZnfti,2947.716684950643,5066.117741808309
BJRtqpdzTH3Je88ZM37QjAP23AAuhxX4bRK8xEeKt1Eq,💎,2026-09-03T18:41:32+00:00,False,H9ZJKw1fBnvHuSd7eJy2qwHWdr19QU9S5n2L9eKBzTh8,2929.8229267652964,4724.7890072497985
6GwLY4Xqi9KcHBCbSZXWKZeCQ4tM7pDwwvSFKmKuhD69,Astra,2026-09-03T18:43:02+00:00,False,BYCbx2YhVgD4qTmp8ZK2aTAxmwkcLaHb6bz7F949Xvn3,3946.144909134087,33105.83831714541
85fnTcc6g7z65f6QkuDXnZwM1ERsPav7jF5osupz7dgA,LAMPORT,2026-09-03T18:43:39+00:00,False,7CvzZcqLvnCK24TXsXQw4c9xPgVyywMhNoiQ2GSTCgmx,2934.8555470591145,5487.355697800631
2FSZ8xW6zrqoqTS3MvkTuEEYhTXYa6qZdVoLP9efepmo,solgoku,2026-09-03T18:47:07+00:00,False,7TJwgbqnhJs5d3HZensQGeSd28xR1WAm1oFdwYatg4xo,2932.339237449173,6188.901963033815
93XpKBkz63vGjQLzvMBbgaeYuJKFEKe6zCxci3CLJste,GPT-404,2026-09-03T18:51:18+00:00,False,3atiASLRCRGZfc4Ucuh3Ehd6bdu3NqwuS99LjaKAjDkK,2935.698972623489,4005.4571246724977
84Xf1G9BbTzmuAdFrPWrimmi1g3ABtg6qcDjcMi85m8u,Pooper,2026-09-03T18:56:47+00:00,False,Er5kPboKRfxECXpaWDdBgxqorQRdAgXGC4JbQGk51vEV,2939.7591314731135,14155.994963467292
H8Y2kJHdPd7kBvRMXNd4wK8ELYqnfFhyoMFsxx8FG3Yb,Penisula,2026-09-03T18:57:07+00:00,False,97G6RM4PJ8Vc52hw7VhRSBAt5xx81GaCyAa1JUxu6UcX,2941.286115660764,4023.8378610355226
Ex17SYYiaSUeHtFjmnTue2GFNm2NvwUQ6WNGUJGuHVBV,WHI6900,2026-09-03T19:00:04+00:00,False,E5vmLLGSfZp6bThsub391Y9fij99KPQ38e3ig6k1c4wJ,2940.1677546468964,3994.1763450935114
pgaK7Yt92ppNKZkrsi7Pr7WJtcByPQ8kF4Ce5rCJpjp,pumpape,2026-09-03T19:02:18+00:00,False,4E4QH6NdvLxLC8m9ws1X6udqdaiBzdnaBcJqSkszUTX2,2948.5554576060026,9092.793100682326
2zH8Q49kTtphjvbjgZ3KZwFUc9ecsQtVwRHcDJCmp9te,EDS,2026-09-03T19:04:48+00:00,False,2yqEjWnbQDKMwyfW8J8BTGcHBQ1bZa3ni7VPvxhJfjmp,2947.2343095871984,5756.388371435308
A1mm8Tnpx9KZoBL6r5wJQBQF81JpkkeNaBTqvtFgyEnF,EDS,2026-09-03T19:04:56+00:00,False,4SbK6B9GbKkucH3vwT23myhRi1gfrKm3o31XZBBmqBPU,2893.5613529059656,4899.633859152081
3UYfxfynYND7wo77PrmvRkanoucBuM2L95xgwB1YFJZm,BEAVER,2026-09-03T19:08:07+00:00,False,6Jr8zMh5MQLyztnmZNP18AiqMbH1WD8c2SSChkrDMHjy,2942.2121554665514,6811.052039177318
HkgRwPYoTMeXUkBba3gqcjzsNo33LjNKT2BGsPbYfVxt,BEAVER,2026-09-03T19:08:52+00:00,False,9xrzH9x91jYoyEfnhTYvYCy8moSEKMiRHACBMKvfoj4R,2943.522833472358,4742.000755169941
AycWczHftDXehaZsTjjFcWypZKxHTH3472Fykh8YbJbk,attention,2026-09-03T19:13:46+00:00,False,8a3cUinUAiSN7jxgNteV99qW553Q4UjZx3Kv6h1NZLJ8,2847.401024236739,4186.538165762384
4hwJRzPVqGpasNRmvcTsEqTrar2QGK92nUqsaSZAnEvY,Hammy,2026-09-03T19:15:52+00:00,False,Cvxb2XrqgkhUTkb63idDNbUCCyeDTEtkc4sE7uy4sVio,2903.335592189388,5720.465217929569
2dBVbcwcJP5FF46YaTvy5qBNGgniKCKGwrDArDEx31Z2,Vida,2026-09-03T19:16:42+00:00,False,4Wcow8f3qgKGZ7XgLsLoXTwxXPxD6KEGx2W5o69ZKcb4,2943.2868628711117,6101.881288356768
EH3QAmnhNmmLLkvJfPa6e2kdUt7LJ2FxjVZVS4C3U69Z,WLOM MOR,2026-09-03T19:21:27+00:00,False,EG6eCZoRgwjpnqmCCJnQ8ZcUaEzMQjK73A33DtshksBL,2950.2329922023487,5241.236476170235
GteDpR2nTXmA6EfnJjQNGojfc2KDaM3kY19zeKL7umU2,TripleM,2026-09-03T19:21:36+00:00,False,HcFWPpopasefpNj5Y21G7bMXprvgtCFdCnrSUfVwmXDG,2834.4760665106564,8543.290045526766
HMNf551bQ14CP3rH9PbiAJJgGg6q3v27QYd7fNmT6ZQL,MOONPILL,2026-09-03T19:21:59+00:00,False,9REVMDWhm7MP6W66rQbbVV6zmK74BZgecw2LViWEpM9M,2949.673813807549,7009.660612278248
Bjky9y8NSCY7g8m2EgY4boRomTRcoWUiFXHBiSoHihnN,PumpMerch,2026-09-03T19:23:10+00:00,False,8mbzjUmBsTrYYQXPkecrKwnyvv4bPuxwEhtPiAm9bTeV,2949.673814987454,13106.065441564362
6KZyfoQA3jKKowzSPDBxywzY2g36ctUHcaJX1sYmKUj2,Goghichu,2026-09-03T19:24:30+00:00,False,SbZj4aLxdq5Nra328vtFQNu9jnXYQFnSf2TWxKibvBe,2949.065321215122,5112.393723459674
AmkxWEPNY2R5UjcCfTNRCvQChHDguqvEvyDFatcHcm6k,HOLDER,2026-09-03T19:25:14+00:00,False,sm5gECCmVqhdU14s2q2qBP1uTBXfhXGQrr6oNkmHtvs,2945.2003757317993,8402.033708450654
E4hvNzLUr4zJjQDoaDNFQeNDaPiun3QSUM7md68b7zwt,HOLDER,2026-09-03T19:25:31+00:00,False,82eWZF45x4zvfrUftZZaH2wHrxtVAef6ofjcyvT5c3fJ,2949.06532190324,4934.533138236733
59YRRL9fxGygTcqshdJLCdscRjXR4kDNjoLqNs8Xt675,BANANA,2026-09-03T19:28:57+00:00,False,EMHPx8oRLFzJggBqh5QLupw5TLT53fMK2qZyDxkNubrJ,2942.2438276775874,6333.455399050135
74dm4bbg5wWH2RXeyeZczqMQ1T8dsHrGD6V7DZFjYJa9,SPL,2026-09-03T19:30:11+00:00,False,AyNTSYDaku7W4sJL2KUB7ieSPGY68kWCLwCF5UjnAf7W,2942.963656938136,8363.013104982096
JaeWtStgr896HyKGju8omgi51UwJqkmijEbP2bAEYLP,ASTRA,2026-09-03T19:32:18+00:00,False,4EdHDueESwd1iJrVUTpU1kqmcVNg5vizzDtzQUkikUN7,2943.417290588819,7697.346354634348
BZKef5doyqTrgQyhB344Q5M3gmu7pXTjPjVS57TJq2oA,ASTRA,2026-09-03T19:32:22+00:00,False,GXzhvckmePhkJvH2AR3CmZ2SBSWNCdQPkhK3LZmHPuVF,2942.243829933302,10254.387736949868
AaW1zz9rxbGSsSWfqNQ1ksJH1ffqzdX3QrgdZZCZrMuc,ZGOAT,2026-09-03T19:32:47+00:00,False,7ZeG6apx9FFJn5sYCrru1giLUMdvZJZx8255yCBemy2S,2943.7031713352603,9590.5084375313
EQa4FMSrRq4RMZBbnDtH4EefbiHfaMoVeugemdJBxGXD,ZGOAT,2026-09-03T19:33:09+00:00,False,Dfxo6oY57tiJXubCatSnHQ599x38mAsuG1ctik5n3qoN,2881.6397031137158,4074.2123407368836
G6i2xBXderDiJcdsgjTYhHE9gyPGXeVTPVty81uyfCiy,AGI,2026-09-03T19:33:32+00:00,False,2tyZHtNrJnf6SRd1iYqYcDJA8fEoe1tcdw3p1dS7cbCx,2942.563907321741,4060.757055025443
62Sqj9rBot4Sf1FxJXfcaxDFaYxyCwyHJU9zBxRuHg24,AGI,2026-09-03T19:33:34+00:00,False,VbQ22RaWarsThtp6iUU3NkeLotG5zd7KPXpXPtBXQg4,2931.5004675466917,4743.8234142929805
2sSFJVpFbUpfYaEf8Gdgvc1iHknsduk3raALqaqJxDs8,PATIENCE,2026-09-03T19:34:23+00:00,False,Eqnfx6CWttACWeeDuBALH1KJ5Zuw79PEQ7zjK8GSDCe5,2844.9109906037115,13536.890547578048
ETH75BkAFeXDSiE5aNiGdwDVSBeJzJf23TAYcBf1NN6m,gold,2026-09-03T19:36:21+00:00,False,C8dDubRhroeG2E7zxmXDZjGTbzfdFeM5zswnKsdqRfaB,2947.7603289922004,4740.108608102114
DDv6NTuc1jCxiELi6hM4GKA8fvquedG87kgBFadQRAnh,size,2026-09-03T19:39:01+00:00,False,2Hq1p6Vf9jNgv1jtfHFgPxsGe6M2AdbLGy3mMA4UmHax,2947.716687213949,7139.429221796201
7ggAJKCPdXoJ2h81yUWNmCN2MZLQsFifNTiCT8S6tV6H,Astra,2026-09-03T19:39:19+00:00,False,6mJbcDdTxBUeAL8HcvNvYqyLJ3RDij7EyELhRk4HDN4S,2940.523692115259,7063.8097240336865
MgTfAXdLAMN1U3Md3pn99traesVVNwk8HPR77DSAFCe,Astra,2026-09-03T19:39:24+00:00,False,8BhuWkzFmmTErhVtFLgdazZFsC75jTs7k2MYZ792p4PY,2931.220876536999,3998.030133414468
4sgMSxNM6gSJgkYxn3WvMKDvXtEDpJU6LjjpMpNWDjpU,STAR,2026-09-03T19:40:01+00:00,False,2dA52pheC4emkgasgJ9c2SU6i5ioXqv2ezwbr4EEZRqQ,2947.901423906567,4026.4468325849653
9FR3bkK7iB8hx1XNijLbR1qMbnD1UZTJe5tTjRA6L1k8,STAR,2026-09-03T19:40:11+00:00,False,CNb4nPhdmEn1LpcSMienZrGTFmVkfB9uFLVLdyvcCZzz,2926.421134097482,23834.177957631295
39ifZihRV4dnPXjd1dft659ju1vF6nv8sDxCM6AHDDar,Rugchain,2026-09-03T19:42:29+00:00,False,3Q2cuq1DXmtk44dz9bjymDQ6fXJjtVhhiwdTjVsfjChR,2948.5556383926023,5730.20563155983
49TU3HLfxaykvJKnQVRVhpDauUJkj9RWTFj4yMk3dMBH,Her,2026-09-03T19:43:17+00:00,True,Chn7pmkQEBrMmQXqGvSUzaZnZjkKsdGj7aSiSeAW2Wqs,2215.086089379479,51864.202885745246
CZ5DxdCHJdPX9y9D4r1ihUHTUs8ZQj86y71r5pYotfKH,HerGajria,2026-09-03T19:43:29+00:00,False,G5xM8dwncEf8hMXjBf7M9XBV9F3JAcJNAN46ght5dLnS,2945.6821139498743,4755.738787212635
B18kBK7eEEbSErbdPfQuJEM3GU2tGbTtCGDREvds1sqA,HerGajria,2026-09-03T19:43:52+00:00,False,54BEitLeDN7aRQVeD92TmQXu3UL993vkBmM7JrVMqPHx,2948.5554557385676,5329.151446321884
DMC1JC5TpzNARyno1GuAi1FXYWFuEjX1AGdLUUiXUWfo,Her,2026-09-03T19:44:12+00:00,False,7aKijfoQYrdBjmUTfSd5RyqFhPgFNV3j9KWDLkwgCEXc,2947.8029934520923,5129.136277202988
HXcScE9Xeh2wNKqWUJ7eUn8gFPSpHB7XxoBokdK72QDZ,CoperInu,2026-09-03T19:44:46+00:00,False,Dm5ZymmbeKy3Qs4TtskxroejkQrby3iV4wi7tBRCvdMQ,2947.7803932006736,4782.4490328053
3c8KA71J1gMzTekke95fJjMMfcskrYMy8LiRGAyihUBd,PMP,2026-09-03T19:44:59+00:00,False,8U7QaRYTSNatjJLAczf9MCDkgnMVwF7DVjNaoq31SiWk,2834.3561082115625,6594.201771614809
HjHHMwRjiwHqqZMgukPC8HW2KquQCYoE9cRF2Dw4pinw,Grigori,2026-09-03T19:45:21+00:00,False,GGfwpFudJJGU9BjNAGVewoS3DPiosYndpreMHiw4uMu6,2948.5554527900094,5501.926904103128
AWjhvkapYwMYB2ZhL4rkwyeawR5wg65qtbza1QjsjLGE,billy,2026-09-03T19:49:35+00:00,False,D5cmL8yuYPpwLJy7ZQmUrpQxECAzDYRtB5Rn2ZMvpeD2,2939.8881645160764,5313.422137745137
BzTWkL7JzL9JRN8wUgz8UwQuJP7UjZ8J5cXUiG1e7Yc4,SPEEDRUN,2026-09-03T19:49:40+00:00,False,5jCpC2NLkV9cfY92GLEaijyJEDK1CmfH2AeuzFg4F5j5,2940.523687214386,4744.365804444114
7AA3Qt2NRKNXtY9eNvVPfqhgFb8MgTGLKZ3iiWwVcdPy,benkguy,2026-09-03T19:50:23+00:00,False,MDZjNWhLauHhhBdd92fVkD4VeBCxPVv5gmRVEsbshYN,2940.7269344185274,3082.903817961947
GNAARhVwcUKEyJQc4Eq64Kmswjp7Mp2ARSUmfsnChd9x,ROCKET,2026-09-03T19:51:28+00:00,False,76AF2TxKnESvUQYEJEzaiKc4RMx63P1uAcYLk1DvJZ7y,2938.2604080908372,5657.228893698839
6ABNxgJemxKkHP7tLAhH6unop2Nm6z8tF6sxdQaHENeZ,Asstra,2026-09-03T19:52:24+00:00,False,HmZx39x6oyK5UNWrsFvW4tYZZ4Mh2xASFfucxZ6srLDd,2938.089562955132,4512.454593609054
EGss7XTEWCBiEks7MSuAk9NqRkEapVrCPaUXNHZ8yFiN,ROCKET,2026-09-03T19:55:08+00:00,False,6212AfwcSQG8bpttGE4cwgTNzr2cP6uJ2guWvg1Vp5hu,2943.8024263509506,7657.569819835257
7DYdhfLjXjYDHjE91wcitaJ2ze9Rz4jYe3MJMHbaavZM,Enes,2026-09-03T19:57:39+00:00,False,Ci6uAY8RBwbj1y6i4UHbwSHTRkL9wVMqA5kM1wf5oHDb,2939.949796468985,5198.070266578733
8uhpPYuFg3ipy5Jb9QgkcqAV38YiAfuEiirEyiDh5d6Z,FOMO,2026-09-03T19:59:12+00:00,False,HFmKwura4fjaai7sgkHiQnXSnFu7udMvXqGQKbBSMDKg,2971.517852375937,7300.60068361441
7PXBcTFFouhQk9z1gVecqoEVwfhxqLNyg5Lwqu7Wfc52,believe,2026-09-03T20:00:39+00:00,False,Bzro9KvgwcqifY8sCCWU6186nbMUbfywwYChZNdmTsY9,2906.219082556771,8794.057950475257
GkRZ7G6Ynf6QAaSZomsdWikeedhRv4pqyzVoJXyZ6hDN,Pump,2026-09-03T20:01:03+00:00,False,E4nponWGhQGD5ES1pusVWcnpVcYG6aStydHL9LnefjW6,2937.839169870963,5132.035759495929
EeqVrtJpdYt4zkkyDKAPJqYWLqDdVsx89XGgQEG3g1QM,FOMO,2026-09-03T20:02:03+00:00,False,2aoVM11gcZardiJU5ixNMzHD5D3D6SqsPQpEPewZxjsQ,2935.4147275160763,6588.456003957946
5R7r15VH5Pw1fDw7aEH49W9dReTBexJaZy1USW85KKoW,FOMO,2026-09-03T20:02:11+00:00,False,H1S8p4qXX1VkCsvQZuai4E79nSXQfbZCwLgHh91s5J3U,2939.722729824269,4440.690067681046
5rZ9ZLawRHVC1HoPPzNvnCvbCQPNg5t5bDAEY7ZwsFgc,grace,2026-09-03T20:09:00+00:00,False,AiAsLxhjiuJhrNpCXZLQ3mPaGrE4MDP62XTerSEsDQpz,2946.318737534371,6393.460949065266
3MSdbPYiSTEW53t5URdrCGfUEz9YwiLKaXH6WN99XDhn,Eloncasso,2026-09-03T20:10:28+00:00,False,DcpfEb2V2UoXSC9SHdXtPnnt8fV3eTcBB38mbGg1hXzB,2943.522662840708,3458.807064141998
5M73FUbFrsJ159fSMnzA3pxHPirN22sGcQD9jK8tGnny,Moist,2026-09-03T20:12:19+00:00,False,BSVMAkeTssgCJcCrg9bg2cZQ723YgYF5efAB6HyB5WHY,2943.802424584669,4021.0485159312116
41EfhcpHTi7wqqtshwWjMG4Aycw72Xa8SNFYPuuNCxcb,FlappyBill,2026-09-03T20:18:21+00:00,False,GVJmBEkriTQMRDxEG8FmLaJKimY6uojxCmvLVwPZV8ad,2914.381661431065,32557.051828522275
4yWgmBmhE9kAvf6gE7hipktq5bpL9WxLhJriorP7agXV,Bill,2026-09-03T20:18:58+00:00,False,YWM8WNrbpxj4M6wdBMa9PbA2STh6kV6Az2ugk3JWXZU,2944.9207837352938,6599.727814848116
HXhjAMASshrHZgDRZJDwyxc9vL5xPFd9wbT6uxiG8u2b,MoneyBag,2026-09-03T20:23:19+00:00,False,4Wu1UacJbSFJqgmWKYNzQ8CbMvF9RZxFjaQKS96QUfeR,2935.6179616494974,5847.861381700234
58MgpXybNgZxSMwsabGWhRUbpLChqLiqNp37f2USaVS1,memekids,2026-09-03T20:25:31+00:00,False,CaLzAmqU2ZthpAX9tiKGk7YUrmQwiw1WRpoNrwnx5REa,2940.4225987520213,4754.761531781186
EFWGV1dprFLrV5UHGFTXeAg2PdgDbFKTTELjyMh8Bbbi,KYS,2026-09-03T20:29:23+00:00,False,6HjGiUdW28kCAgjzY6STQgM3kfSQ3mSM3jAT3RsdBAVy,2946.5409271940985,4733.697147047571
Ax18bF7sRgrC6CazZEGKd18r1SGEgFi4SedqLWJAC3GT,burger,2026-09-03T20:30:08+00:00,False,GoZvUvyVc2HpBRVgfpRbcbVhBH5fsGpcnX4frykpdQm5,2943.2432436356758,4026.5433768008106
oQ2jEUqmqab47mz7mTYesqRMrSoknE7uqooFtGRHyXd,murt,2026-09-03T20:32:58+00:00,False,5Y9G7EeGK5k4BHS7FFWRuN8VPBPAxqX1hsFqfQoHjXMZ,2906.660987870514,8212.789642207175
9SCQw2Bxeq6aqggLFNVURYXvrJm7mnLxB6YdjWLyivZK,Screeners,2026-09-03T20:35:35+00:00,False,DZpqnQMjLVSbEBVx3D9sgWr4wH3N3HoCPbEEVsS7rhJS,2934.5772181379207,6602.581543324802
GssPzzwwkCqVxxjrARKwo2Ts6G8gdH8ApbpnJw6RQZD2,ASTRA,2026-09-03T20:38:20+00:00,False,58hhd1ietXZ4hA3xsjEmaaPExejC1Q7Sym16aUhGmuxN,2937.5192935981204,3498.787200369352
6wsZcBz378GeQMYHf3dNHFSSAiELkwETUar8Cw6Go9bx,Dream,2026-09-03T20:39:20+00:00,False,916eTi4KV8HqZcVCVCAaxRqN8XcAuda1fhTt8v3VUReP,2950.9645281480316,7812.5148989563195
H7L3oDyyQBhcHM5CRu8ndbVLMSQMBZotnJisPzVfhyZZ,TikZ,2026-09-03T20:43:56+00:00,True,6Vw68NRYwvXgJQ4BnpwwbapZkrPipaLDuDKEtQAqr4UE,2344.3657190134463,142634.7563100591
2uSEoYjLaPrrADy2nQAJKAtkrYbXvj6NPV9fGJZEXCt2,VC,2026-09-03T20:49:21+00:00,False,5Bi24iJrgQUc79vZPaXZA91mWtmhi1eLB3v4qRaTFbST,2937.419244269444,7946.992273370345
BhTZXeuVdYrwkg1gnBp9L2jx7w9zBVWqxAkFtxt871cp,VC,2026-09-03T20:49:26+00:00,False,4gM8zt3myN1okFS6QeY8Hdmxozw66Z4ig18Zk7kcC28o,2942.5590459080745,6319.936128638506
BwqZvAPrm4VLpS5Mer6M9i14F2W1AdrAnLo51avppeYW,20k,2026-09-03T20:53:55+00:00,False,6VoJJ6ADSGLSgxoVrjvVqZ3QtpR3us6LQSZUA7aRQRn5,2935.429176807885,4797.40438345959
G1p4zU3rDTU1M1ZUhKf4Rd7kg7PLj7WY8NFL8fybT2HY,Screeners,2026-09-03T20:54:01+00:00,False,8xbzPzkbDdNu5pVrKR682KuXCPgnNUaATehv6oiritTh,2935.617959007441,5951.219006087936
HesVCRAM5Vuk61t4wKC1wnEd6cJpW152kqgeXu9dnkTs,slop,2026-09-03T20:55:25+00:00,False,8UqKXPPo5ugZU33epSNfHjvMJERoRNC32VvFuqueekec,2935.6943155918016,5732.75522388223
25EACf6HYpuQvwY8ZnRicfVnD5wfpPAXcjad9ThtyDDs,SOCIAL,2026-09-03T20:57:53+00:00,False,CaANys9KGiG6Knw7b2i5jts6KE57TGTV5pQ4TmJ5QFK3,2939.776948785073,3601.94030905809
8VyCbcWCbKcCSkxDq2Ug9J1PdGMPfvWiDmitbdrtZYVj,CUIN,2026-09-03T20:58:39+00:00,False,GQpKRcbSQC4SD2Ga9rsPKj1UrUbxfxDvcgwEDVPxRpbi,2934.084999491491,5808.403978764743
DykVfy7AmumjvWPqP1yqvMSKwGYfpoM2Fs3UbREpp4AZ,DUM,2026-09-03T20:59:11+00:00,False,6TEMQz1Fc3esLtp6d8bYbm9D8S6YsQsnJMDKETY2N5SW,2913.421960498956,6145.040787571001
5WhfaxUUyYDvPBi5csFRR2uYq9v7hrSGtC3oyAbKQtHq,ARCADE.GOV,2026-09-03T21:00:58+00:00,False,7VRVtZAUWUgt9K9P5dX1yRsJqi1BnvRzcX2EkxMbnYKe,2934.944777963481,7305.036393849591
BrcPnzQLNxd2N3YjDEacBipzq52C1CjPuNBR96GjXSiA,DM,2026-09-03T21:02:14+00:00,False,2baHAFCwPVBeZKrRZdmn6cSoe2SLsnATxyekxL3v5VUr,2932.3392389153455,4576.945814701429
23J3TWahgCwvv8r6vJCGtmU6dDphV9GoMBwWR7QN8NK6,CKL,2026-09-03T21:03:53+00:00,False,Eos6mT3y1J1autCfPc9BMGv6Bt4LxWQSXR5rTRjrC3Qn,2932.3392367649635,5102.666927251203
JxwhWe39zrg91GZn4adU928oboPMczEo6zsWH8EqRNc,Ori,2026-09-03T21:12:51+00:00,False,F3c8Aetu3g8m16z2WmKVfptUCk4Sy6LFZjJi5vzXQTFQ,2944.6368207901974,4045.170342645083
Fc2JwE9vdrH76DVUzxF16yPiKHC3tw9VJtBe9snMiXCU,ACTAI,2026-09-03T21:15:46+00:00,False,HpAfJMYD86adDUkZtd9JtGJhhNfY13cdfj1ZCuD7JGUJ,2941.7296572150353,5917.6576009696755
RiY5T8eP8GKmML5F61TTDFiBtEbdXyFqntd5vSkpPGk,asscoin,2026-09-03T22:14:31+00:00,False,8pGghm8aBdmXJJLQkhQGg6CDak7gsKbWq785dHxXf9av,2906.3373724358808,4027.249954429649
2nwVB4qNaVRXeKWbSZkPn1Wa6Fj6aGvN8rWm8vg7gStK,Guinness,2026-09-03T22:27:05+00:00,False,9V6HMFYaucNmLrZphFcYp2QSL7osZ6vwQ5KzfYEFjHeK,2904.6307521595736,4007.3339336233485
6X4KqNCTE1m4npNTXbWpmnwnV68ZGhYg6iY9uHhFC2SY,Almondman,2026-09-03T22:39:05+00:00,False,4TCcaHxhuvJkpxwxQcWTdeas1FpKRL4DP6xdcnxJBcQ2,2899.1852627871726,4690.915244927013
Dne6DESquvkjebrKvk2RD7AxMrXZ6MbraPYtFjiWpNH4,TTE,2026-09-03T22:40:36+00:00,False,BrLbo22xHtxLVGSjAh1jJoAMCjh6MUpsVRPzYMDWopyU,2912.488350807717,5667.17872611356
Dw1mFpiTQZJKPEJZVmEfbQsmg7zV7qAhR6d5krCyPNbW,LGBP,2026-09-03T22:45:57+00:00,False,8tzGh3CkqUcsYRkTDaSRMo8znwotpaVWaPMVEaLshfwZ,2914.539573225738,4008.7316144705846
HhV7ZZQEiTB3qjgTHNKi2zZ56TrS53nPpjpqXp1Uqgcd,DOGGY,2026-09-03T22:52:19+00:00,False,GTqrW5bA68aKZMu4PNgrsD3FUBw2BJeXUiX4dSCKSqeS,2911.369991359655,5852.816324337582
3q5RqbEZFTLRu6RNnJHZpXiAFBzZwL1hwQDLEbFUFhZk,Charli,2026-09-03T22:54:35+00:00,False,CwGTNAuL7sAXtMhdMXpvaC4gmQVsKPiUdAm9vejyaRKT,2912.2087609699906,4650.603380208351
FUuSMXoLU8hUu9rFqpRKr1zQQVQhbjfpKPs4z8smoWqS,TESLAINU,2026-09-03T23:06:27+00:00,False,5voj9vNYK1BZxM5hmiZi1B1Gek6vVusMK5ehMS2gd2Mb,2892.9158167626674,6819.520956051445
8ds29Xxf6yWExDToatU677kP9XkL5r6XCCmgnkzzQjfX,ant,2026-09-03T23:12:17+00:00,False,ExS1qJsBFkFp3woNGK8tTtKUEAmDaf74aNtwcz5rLjpg,2881.491129279667,8597.20891769501
66tuTWiWyQD3SsUC5XGqhsYF6fj3YSorWEjRTi3D7ZVC,ant,2026-09-03T23:12:38+00:00,False,46piqdmnZdCFos591przHgvaAyVqCadLr7NgRJ7jcEYZ,2907.251321366037,4685.611909815314
6svVCyS2Zn8uDsTuZv9uB7B22LsTp13PzfCwQtBY1oSz,JEETHOOD,2026-09-03T23:22:31+00:00,False,5aUkHhMkk5RWHZPBLmNxyeSmiPvjTo66bpPjJAXTcnV1,2910.810811781081,4973.490824337121
2xZSKs2PW1CbApyPaqH4MVSjK5oHUndFo1tcTaXrV7EM,BUTTHOLE,2026-09-03T23:29:56+00:00,False,GMknj2FYMrW9Mt98xPp2PTgypHfkZzUahQF4YQnZovq5,2905.778193244259,5390.413111591247
7KBK6ng9kh3kezx8MHUGMES8pfVQG8JA2eQNu3tNsJt5,JEETLANA,2026-09-03T23:55:54+00:00,False,4HU5beVueNkv8Mz3n6jjBUqev42HqTfqSxWhd4LiRQYb,2904.7174229492,6482.709973943694
t6pEgEVQKeadMaQsXVGwaax6ajQCuYaLnw84pCqqNgr,mic,2026-09-03T23:58:31+00:00,False,RJ1d2tGd3FDaBfZa6w41HPqmePwgKawHh8EBLoigJkz,2906.3373757297322,9287.584233278536
6xuSmaNXx1huuLHhMt8h5UQfvtW7caXZuBf5WKknx7jW,BULLTOSHI,2026-09-04T00:07:51+00:00,False,7VXEzWvU9ymANeDY3C8nBZfBUNN8Vp5NSUv59qHdDeUH,2902.2269836817213,4236.447990537067
GgmqCaaGwQvNXNesGuFM9y7xTgbBfiXLdKtV4QVVUT8d,ARCADE,2026-09-04T00:25:40+00:00,False,77s5D2kbpu1QmseH1422GDZKwzEkLgHWmJgCCThQgQjz,2905.4986036967753,5696.782555659035
F8DJJaxkMi6TCtYhJhWkDUaBuvkXNTNLcuNKtxSh4asX,TrumpArcade,2026-09-04T00:26:16+00:00,False,GCDq4hBKxX1k7eNbKmkzMFWHuRkPCEBjiuuD4jPeeVB9,2859.722122366082,6671.350858853133
Bc9PKTRsSLRGhE1omms5YuBBikWZ4k9mch5cvoQLgSXg,YES,2026-09-04T00:29:57+00:00,False,F3ZXxHnFVAc1GjfTUXa8x9etE1nyyD66kqC92fFX5nfC,2905.219012599767,3930.9096426988876
F1RerRqSET9M4EAzVyKdPyw1qEsDiLTjj9A52nojhwLh,Flaccid,2026-09-04T00:30:27+00:00,False,DxbZS2sTms8LBQ68Bm6DfXr54QsrRAmgzU4b73MKtXDQ,2916.6227574468044,3930.9096426988876
GVnZFH9myugKMYZhXFZhKiRZpwkUWid3wuQ92KqZP31B,Tumblelina,2026-09-04T00:43:17+00:00,False,BV8ebDtt3d9DLrrAzdkbcnGu5yxWknBVu4Aviefr8L8Y,2899.06803403397,3977.899904534516
84GQaa43wT71txt6RVAtkGgF42VqnftEdhki2APm57L6,BCG-FM,2026-09-04T00:48:58+00:00,False,GZZXGxZqCEjEjadaii16WGZoJsxfm2uT5EgDB1oSoKKY,2897.9496745845295,3982.20979126012
7kiuzjf1rpLkzVjJ6BhA1y6gD7L45x4qx7hz8ALJBScH,Peacock,2026-09-04T00:53:45+00:00,False,FKcjufnTPNEJ31vd9ULiSN9wpnWHZ9zvi4MtqUmUQfEE,2899.906803838397,4682.662599829988
DSy7PPfgsvgn7YJ3dUZUnVqfhf8Kv4EPJ94oB7nF3bQE,HAIRLANA,2026-09-04T01:40:10+00:00,False,Dy91xcg9VubRtp8APLXbXC58LxuKsyFSdTxkn2JT8H2W,2905.8122399745075,4646.150774276798
8DeR9wWZeborn1QidygCQVPucGoufrNotppv53WmNxxn,Useless,2026-09-04T02:01:23+00:00,False,FYWVdoZWFivTY7mbDknhEWQFMDJp4rpnJM1n2961LYuy,2898.5088539711182,3933.194038241064
3LTjjSVBcZ4Jsw2N8StJTfyFrRKqi6gUSC5Sgv9nLK7Q,一龙马,2026-09-04T02:04:40+00:00,False,GFszdKzDNv7RKffzjW84vE5DckEd9BGmBesqSqC9yD2g,2897.7632232881797,3292.8104769698216
G8vdXCPgSdvE43woEWA3Kst2CRjBFQbKEKo6CCVM6Kgs,Foid,2026-09-04T02:19:06+00:00,False,A7i38ygfSxN8nLaRzn2Qep47mfBCQbWCsBGk4jeUVQiC,2895.712955105837,5073.163136932163
CMYYSpZz6ELtK3cWcZYf4HcWqTtJHpzuY6druzWF7GWS,mode,2026-09-04T02:24:01+00:00,False,4WDfpHhDczz7hLavLSzSmcCgxKX2aUjGn7YQp2k57xPZ,2893.663905442195,2928.7678435302646
6EVfVZjRoqnmMTGaBNvVukwqb3aNKb6BGDbKJt6KxhQc,HACKERHOUSE,2026-09-04T03:08:55+00:00,False,KSANhFfvmXTnVu1MeS88FkkFbcdYMyja5g1k8BRwPv1,2903.5290728826085,6697.814460513587
JBrzNDUrpovsi7FSUR17pxcajoN5XAxK1dMDNwuKbamf,AMC,2026-09-04T03:55:51+00:00,True,12VQCe1u1rLvskHnhArjNuu4WhsuSc3YHkLywNKYTamQ,12365.032870542454,255240.81254197884
BRtP4APY26fXWwhS8VsY28zTwVVZrEEv3wbaosAyMcMZ,GOPRO,2026-09-04T04:08:54+00:00,False,Dfk3g9pW1vyyafeqSJr83xHAVExCpabe2yqugbog8MAu,2844.575001215,4633.229985381885
8SbjRo4WaZ39QP49nvGWEfd8uhVg4W9fFUipogHjyYh3,AMC,2026-09-04T04:22:16+00:00,False,ChGBUuStiHqDha1YUQAzySehuCi31zc9SMN9oPqJXqTz,2989.1761965855544,7650.034476669629
Ci5328yMpPJnvrooWxTwLYS5RYSg4Dcb8trD9aVZycrs,MLM,2026-09-04T04:27:39+00:00,False,AzDojwDC65ubKn6EG8igkoL18WE8UEwP7VEZg7QNPb5q,2902.7123434942487,5595.540127784249
GHDuWoFtqHEibxPqWX8xEacW5YDFkFGAZMvY7r5FhBT2,MLM,2026-09-04T04:28:41+00:00,False,35Voeb2eGAunjVfBcCTJxtQf1CkXjFHpJHz2Y7h939zX,2916.4743416925103,5488.113588603589
ACQFPq3iwpQfuXegkbhB8xmmKFDiBZHYtzLdohzDtj7E,VLAD,2026-09-04T04:42:19+00:00,False,27C3YfNwnn4jGuDzkgHYkN1LdJSRczvGpzsAQZygJGH4,2908.235604277809,3991.9745972203905
Fgu2QwWgh1U4nhFjhbRHns1dZmcTKAg6TQQpQFwDCt1u,VLAD,2026-09-04T04:42:56+00:00,False,DiTgcqDGqsLcb9f2dPCpZHKRcTs3NTA6rT6hKkofAN5o,2853.083972971985,14427.675570424342
GqWBcRMhQ9Q2vKqXBoJ7D8PNQbrf8ZoJ6jgV9PrgzPsE,McCondom,2026-09-04T04:48:14+00:00,False,ERp5hzE9rgGTPnhoQbE7GahqNN5BoEN7b2oHe4zrDCJV,2847.069450857089,13239.196168659115
CnoPEVkRTJ31kvrsDQZQQEHoNk5oWScDkEEfeY3F9yD5,AMC,2026-09-04T04:57:23+00:00,False,FmmxqX5H9jJAZ8L1NmBGw3vtgUwYpfB36FEFxEWaguMN,2959.179879980466,7114.055467932399
dEgNDKsJWyAj1VdNptcMbsTZDT185tWP9RSw1a4MswX,MKBHD,2026-09-04T13:12:13+00:00,False,FspQypz96C1g4SWAMx3rNtP5C31Sg96zwbHCPpM3pw6S,2898.919560419485,6259.379773600497
5KCGBvM21ySrNj4J32ppLtj3YLMkbEQ9TErTa2XFTD6c,Moron,2026-09-04T13:21:04+00:00,False,FY7XRD38Zz6dQ2Lt1NZPgAPn8xUmXvodwwu8rxTZJJtp,2929.5121250264842,7065.9798409260175
62ShB5ffE9yeeaY4VW8JvMv5ZLLvQouxYAKYJtzabS3V,Moron,2026-09-04T13:23:05+00:00,False,4ztVZp5ZsztZjWfCFXrd73acFExfmMR4i3GZ52iZ314w,2834.2954806135567,5473.136769416381
5wbDN7qk6tMjbyGghDSHYYdCbHbQxBQoKRLijSafhHZg,ROBINDOWN,2026-09-04T13:30:33+00:00,False,8v7gqxXcC6Mtnhrwy8VYuJH3TaKNTXxJwE7W1VcfvN8b,2835.8807093343244,6472.486371790836
AbpJywMWmkf1MFonRddPVogSwPPZHB9pG4x2nKb1YaPn,hood,2026-09-04T13:34:21+00:00,False,B3SJoTYdhksAuTn8L1th29gzG9WXkt2431kYAi6Kh25H,2948.5000325178635,24978.3090536119
An75Vvq2eAmtAoVGaNEGNExJnp1ihbjhBuahaaQw3goA,PissPot,2026-09-04T13:37:32+00:00,False,BL1XjUicR6NtCkae5qx6E1F9U7PCUeHd3VJch3XU4H8J,2844.905132487775,5602.029694589177
Az5di7Tetpx1Mvkh36WeN88uSnBbPdaDmsgWTuCDN7Bd,PATRIOTS,2026-09-04T13:42:01+00:00,False,CtuzaFFL1zYehU8Wgx4AmB2cQJNHZzw5qMQgx6TtEk64,2844.2684069062257,3904.6357886245655
J2NaJPvownuAJ4e5vn1T94ZKhyB9ahM3jFrY6iReV7dE,HOTAIR,2026-09-04T13:53:21+00:00,False,2DEMN6dKtkAuRSJC5YX6FQi7XoBRB8ghvnFADGe4QcwK,2872.11691733573,11366.644104720997
5Ryut7H6NrH7azkYp4YgiDUKhKzvCf5iPkDG5dSbCDwp,BANKS,2026-09-04T14:00:12+00:00,False,4YKBEuGSjnwLCKQ5dgGNYqHWFjnXxcMft1D7CZPCZwYS,2843.513001610143,8159.938514541395
Bnq72ok9WWtAHZhimXxM8q27ZeH2VPwSJu7FnjQG53gV,AMC,2026-09-04T14:09:53+00:00,False,8hKupDxfFGacHS8E3G8eoDHLbeatpr9tcFjCqAaiKMeT,2977.912397238313,5284.115891446133
F441gNWkaaj8TGVbVUwMQv9tZDwnUMiVZsYXq48diDDp,GTATASTOTH,2026-09-04T14:13:57+00:00,False,DS7TDMwgfmgPbR8HXyE1aXyHfhGQjZXrd8v4Tq2oJvLk,2834.7701263715594,3496.2164007311035
EDymdhsCCAXX9Vkf8soBZsELH6Y6gUUu8Xg3sQdNSANq,NEPAL,2026-09-04T14:23:22+00:00,False,3xMCocQXmXV4ZGsZLkvDvrivAdEpqs2Ui3rnZ4notJkn,2847.074893494735,11761.75853293563
5WnTxy1F59n5Lg1H1kgRc4Ehbw1bK2o4yScyFQ1pomKd,Corny,2026-09-04T14:27:45+00:00,False,53dJCgAxx9ESaLcEMzNMKHy26ka4ECpu41u22eC9vhG6,2832.218635118072,5202.343724436839
5AjB5XNfDUvMwz79GVC8hkKRttaCqnD31JEHAuyZJCvT,AMC,2026-09-04T14:28:48+00:00,False,93tCNR2Svq5VetGXiUYY9qCzBegBPTmLTP8YAzgn49zi,2832.7801412530384,4937.180587126328
FCC1917ZiF4JBnPxJfrCdF5mRkSvPm1TDYX1Cnqi54Cv,Help Nepal,2026-09-04T14:35:21+00:00,False,BeDyLeubWpRgtHtTipdzSgaRJiLGbJQtydBRViCUM9VU,2829.4334491947784,5532.65621538936
5Y3ueY1HB7TixY3ttmVQcyBBUD2u1UocYPH9MfC1pKBC,Nepal,2026-09-04T14:35:25+00:00,False,3fTHf9enoVCBKkJ34yax9Yg5JhV3nc9cNUGbEhhyGZ5f,2833.3643999205406,4949.697761327988
5YdDAnRqSKvCXbcbqHdoBNA5Q8GqNGPiJjgRBgb3xzFQ,B&G,2026-09-04T14:36:28+00:00,False,6EKHimM3o23GdEU5CzxD4jcajb8Ev7kKFKtebtuymwCr,2824.840207857769,5540.342770390773
C5XR7KEVdpvV8gXMa2Ks1WqWtdRVtHCmfC6cLZu3FRgJ,STO,2026-09-04T14:38:05+00:00,False,J3wY3Eb3SEH3WdCE7PnezFNYc652hXrovNi6ijsmQrbt,2836.952670561594,5567.337075690953
3Qf1dPjxikVZDxhBWhue4tPVMLgnSKWoLedyveMr85Eb,Huggy,2026-09-04T14:41:49+00:00,False,BQKArqS3W5WGZ85ZPjbYt8odrzLNaqem11JtF8fsfC7B,2818.9120919330085,3590.1528387298345
713ybt6UF3KKAABJcYe2iqNEGCWNjwJWCt4vCaopHLqw,AGI,2026-09-04T14:45:19+00:00,False,5Mm9BFDDWLJrADsLickWorTsvr8kwvPyRiGpRfdvXFqp,2820.21778418534,5505.353433770977
7BkUyz6J59RABbRQFYLEChcXmAU1Qzk6UVyUeKJ8KrGs,AGI,2026-09-04T14:45:20+00:00,False,FVNWCnHx8Y5GvGWvjUiYMk62a2h9vpwqoSev8Jw7433K,2922.274010604436,11172.778482920816
4K2H27N9pHfZS9fP4zab9zDQcscfJcHx1apSUrQSDw5s,AGI,2026-09-04T14:46:27+00:00,False,4MYzZ1Ui1JkWCc6L5mG1o2a2GLFSr2dWVzGdRZ32Wh1o,2845.66635971055,10103.973911128967
9GVZMAeF76uknCcFeDJm1TxkvkoJy2wnfmZHY9EKebju,AGI,2026-09-04T14:46:46+00:00,False,EpmvcqAy3DpiPeKdgvJVGjBnjk95SjBK1gRHgN6DsKVz,2812.1155658081825,7094.3801976568375
HsYjYHEQkd9KjqxXVgZakK3TZ6rzSyVwuc9EAVwmWrjt,BW,2026-09-04T14:49:47+00:00,False,7xNPYq8uqfGoNofoioBPY2fnQscQu8XwiVT5RpbNwoHJ,2809.1397713162796,5492.974086417732
PN7oY6Ezw6yGY6YLTCRJAjhte3izmgFdqoUqiLrCCwF,ROBINHOOD,2026-09-04T14:53:58+00:00,False,FFS81QDgTdTgpoWSwYNb7qhfoBwBdwgSF6GDEonAJogo,2905.0651803054657,17744.55983302822
EXYvNuRJ7v1FepetojggkD88cQAAKfo6CjmooW6XXsAT,CONGESTION,2026-09-04T14:59:52+00:00,False,CXkLWZdCHVYA4oBuRnXdHXkWAJDj3qTBTFdJrsa6fuKV,2816.848672979019,4445.04070671563
BsuQyJH1BXxcwhcNr9xBJev2XSiRF3SvNQjKXMueE2VQ,LGBT,2026-09-04T15:05:04+00:00,False,BB5McQefemHg6pDschuSGBQEqvRJXRihvAdjE6phQYBC,2819.9644386582745,3887.564261668347
3E9j3t4VQfDVvNGy6h84AJaC9nSqpQqDpezkRYFLYKUm,COGE,2026-09-04T15:05:43+00:00,False,8vL2qdctfG3dL3jeSoTZE7hWk2iCnNuLsnURyAaCQNJG,2822.6210627994624,4200.708565397557
8vGnoP39aeAH7yYr8abLyvX68WEghQUR9gr286W2ZxdT,Azalea,2026-09-04T15:07:49+00:00,False,Hd7CWcBXf37uVE82MrpoVQKssPjXD78Lv7oK1wgdYTwX,2929.2409256403957,31992.167064944715
GygNPCFvqrMuPBM5R1siGKfrwqeJ8r5PYccx5EnNhcer,Pump,2026-09-04T15:10:56+00:00,True,93LaL8NuH54Yq5yJTv2mEweVFGCUF77nhrKgnV6ia4jK,3548.4643847641237,106449.43692096761
DUMeTfSBb4CTbWCb5s6RnmpR5sm2SxDoa7ApmUipXrRV,GINCHAN,2026-09-04T15:12:19+00:00,False,CPV72zXHjU5eoz2JkzEVDWPVXCsUNnf3Y8jsDZiDWxLn,2830.6094466121453,4259.117391610971
9qhX6WrLqPjBfD1EE2KK7Z7YW4HAEE5qqXCw4K43ZwtP,Sleepy,2026-09-04T15:12:32+00:00,False,HzwRsQFWTBq3T6STSgReckQypcsEGoRwG2uPebxobcf5,2823.73683175016,4548.851103949625
H5g31YpZvKHPaAUndxEjSAgnUp5fyHm93XRvrMio8Zdh,UPTOOMUCH,2026-09-04T15:13:11+00:00,False,BCd2Md6rE6sc8JrSgbKNmzkGeppNw8YZQHGZMRi3VJon,2824.1379322582784,3852.8590098988507
4Rk5YNjvz43nqVsiEkhftqX1dEnSGMBnfhr5xCGHJyyv,UP,2026-09-04T15:13:38+00:00,False,HjYSKWmd4Q6EEpvNGUDbzJTrk7BhPfr9BdUvAhFRwuZ6,2844.827588672422,5614.872391531093
Habiz6RP5ibSuCAiS96Kb9JmVKoAUyUcRsw4PzKKLgE1,PIT,2026-09-04T15:14:35+00:00,False,Bk2Sx4VXc5MKZ2DWn4L8WLcYdMaCasDpcqRwNWzYYt9d,2828.331780715862,5291.278430888468
D2kQaB9nsc5xMXbhtpQtzzZMoY1sQahV6eSUwbXQ7xft,OPENAI,2026-09-04T15:22:55+00:00,False,EJA4XGaTAvAPcML8Qu4mBAfJHNyFAmpEQk5X1APVDooX,2831.1276827065262,8037.9037012557155
62xDorh8Xxp3foo4NV5tfuHtmnpV9wuctPYVsVesXhF6,Kilo,2026-09-04T15:23:12+00:00,False,CKDzHDqaR44Ua1gFfxAQpuW8hKd6nUK9HTPJ1V1NdHdV,2831.127682634744,4928.036825720782
CpQX6DajJrkMH1dbTZUG6sfkwXD5Gq1JDBi13iP2PUL2,gibny,2026-09-04T15:24:14+00:00,False,38p6aW5Ytt4wsExj7HW292bBrKCuLBjJUa4r6C85MH8c,2835.880714010339,7943.675531026842
FcrKSwgJHjzDLVCedkA9fx4trvFR8qoSqLXBMBUkX5SU,JSL,2026-09-04T15:24:50+00:00,False,GxYyudjshjQ6W5TRAFLBzmp5pH7N6LEc9CPWUKkdxan,2836.5660067182916,5528.652494215042
FG74viNS16vYT9taT5oeaHdaofcY8sJpdLjustjSe9U1,unmusked,2026-09-04T15:25:53+00:00,False,7745kqUFDsyqXgjRy1CDZrhg75YG3CZzkk6NfC7F3yQK,2849.7940840533824,4572.4657153637245
43udfsoHnu5jJVxXnxRD4paz6CXqP2KeHoT6tvyxp3tT,Drip,2026-09-04T15:27:02+00:00,False,6CShGTuNmwdTRvWrXdJcwHPjGE9UF6zujGKw8a7x8QuY,2837.558251880819,7494.23620511408
DhQBiVsn4ytrV6gyfWDrL4bDiEPFMkRsyKtGBWiKCPYd,DOG,2026-09-04T15:27:29+00:00,False,4wpm8QFxsgmWuYLrPFQ7yoUn5zsV1axY165ty8Ty2JPS,2839.3715538376273,3872.413751134352
DU4qSXpvvL9gTMCU5NduHe2nrG9veWjaDmcjuaHtwR5G,420.69,2026-09-04T15:28:38+00:00,False,9rhQsbVieDHuPjHdw4QMHYhwnxJmU6Sihzokax4q4tww,2844.5479970383576,3886.174900549752
De9HnFUjQHQjdc4s52KTZfb33LCxwfkTt9AnZM9DzYe6,DOG,2026-09-04T15:34:35+00:00,False,FPcCuwvom9h54XjGcezrQ3hFzEGKn6Aw6Whg8NF2KFXT,2837.558248848928,5255.457311234962
2E9GMctFCvbwrJz4qUhPvQjeZdAmwuoUbVixLTT8f9PB,GM,2026-09-04T16:04:55+00:00,False,9aKpnLuBGpEfXJAd8PJZQdZ1W97iwaW4r4oz5dRiP4Qv,2843.4296385234884,4541.616938869664
8R4F5r7nSxqTBQbLznanvFiYhoUUTQLXdB17CbtW66mB,TDS,2026-09-04T16:06:37+00:00,False,HyC66LQVoaLKoSFh7MmDuieaNyDuQwbEg2HnC4nAhkKZ,2837.8378384054054,3879.5351586297083
HQBaFdLWMejvH4L7AWmtdSYtp9H3DvRjtJU79uNNpRGW,elun,2026-09-04T16:08:45+00:00,False,3ZCGe1EUd8rTmaHCiq979Lxs6AL2PVMrgPdWqRJpe6oF,2839.7949688010717,4443.122245482974
8w3XuDEicW265ZQbV9wBM4VDyCkKSygjPxDkHF8FqR6R,Justice,2026-09-04T16:10:10+00:00,False,4PGdjHe1XdDo4nhNoDS9Lm2nMv6yUDoWKuVD2xTgMfcU,2941.9479117398732,8211.49185221733
6HKz8nswgp4haymCq9d8jdaL6A1ucczCssRFTwXfzusn,Justice,2026-09-04T16:10:14+00:00,False,5Kb8qsQMGmuBdvdqa8gCkspHLRGcPdxqVLpJuLpb1j71,2839.7949683277725,5977.96721750878
3iFiZi9JrppEbvj6LGLx3BUGnJJ1RzBfGna9uqph5iK4,Freedom,2026-09-04T16:16:32+00:00,False,6WbQup6Qi3URshEe1StrvcAuThEL2iiY9uM7RgCGYi4r,2840.9133277831033,4980.210839511757
6At4h3t29NdzAWF2dVHRCvqajpBm37ipF5XARN8HeriG,DankFish,2026-09-04T16:25:28+00:00,False,4dLguMGrgzDPfuHv8VbY2VaQdmu56DbiyD6fU2cNGwo6,2843.139302657941,5718.015597128026
2WryeCJMbHQ5bAfzv1rMdMQRhnFu1Ss3yjATpqfHs5Qs,UP,2026-09-04T16:30:28+00:00,False,2MPivDQv8zoxcmSeR5xpp6dCWLhCztLazeYNeWrRUxfF,2844.9751164884683,7415.176212976589
ARLC3U5jAVSNgHw76WNWFUxQVvJs5hjDyzvEZfrY5EZQ,Lambo,2026-09-04T16:34:08+00:00,False,2H89zBNSyRkQ94cvTRnkaUUr2oCWFRUryiNBbCvgh5wn,2987.207977326452,36456.655622226855
BFv94UL2pLY2KP5jMWBHCYu1psJixqMxb8P4GnwVKtjx,CHAD,2026-09-04T16:40:04+00:00,False,CeHUWAPetrfzhd8oFagfTMiafrXLQijQpEJr3PSRPLaF,2847.126084320415,5562.547305998469
JDwY9XCAaU9fTBimZtwS1GM7BLTACkhuGYV6xQbBzo5k,leetcorn,2026-09-04T17:00:02+00:00,False,G4jnac7MoAHnZ5uAvWxkHBtwfzXiaF7xbA7TnV6rm3cG,2846.0252299727467,3907.9209983543988
WynEWXhQn8G7hKGhoJ68bAtBmHnnDiSwBKqTWgYazo9,BUFO,2026-09-04T17:22:58+00:00,False,7aZbcb2PW3fHwDahj1ufLbpMDpZWr1iQSHKHvoHmB6n1,2944.556479841377,18650.439422179137
3KFHtcXTZv5QWqLFpg2SsnEQ2hhNiAiyUhuXGNRaioWi,BUFO,2026-09-04T17:25:11+00:00,False,cRtzv3bw6UzC5nqoxfGrDqDssboYrWiPw5GcGqw4ep5,2828.2283330998957,4393.99265832249
AsiAVinF6vSdB1ppDGmaMUHmxM9JfapEpnnmXV5fUgpE,V-Bucks,2026-09-04T17:27:53+00:00,False,DJmx2XSQCs4iTMSAfNKeVMvFUNnXxYpQsa1AwKib835F,2843.68829680861,4706.350574525902
HkwPoT5Xa1nMoRRxNPBULEkzB1CMMZCKsbi3J5SjDjqZ,kreo,2026-09-04T17:44:46+00:00,False,EnBqM1x3VRrTwMNYojjEKYNh6UR5Ds3weL74K6mVnoM9,2833.4571671824015,5514.775849829436
47CCYMFZwCpGjRTL1siJe3JLogdAdcJrZ6izkfaBP8zn,kreo,2026-09-04T17:44:46+00:00,False,GLaEc9zpGWqoVGyQcGAJkhRj46XMq5FkrDz4qNViDEju,2833.4571671824015,5520.5186568720455
H2gx8JZ3MoYEuVEn5WD2B7X2Ng1LYbXezXeh4GoMScuv,shitcoin,2026-09-04T17:52:54+00:00,False,FfVXZpd6Ts7739spvLXEbg8DkDj87Uqi1abok7Jc3wY2,2828.052192195061,4742.858896425175
CniwtS7UjxFq262r9Z48pmUFFcmMTS5EB9y3Fwvy5FqJ,NA,2026-09-04T18:16:09+00:00,False,3yhYZMhZDdAqp63rMcvWczoCe13Hny5bz2hL3JQRbnJt,2843.5358516682986,15165.495499949224
qZuX8eJdpNvX8xFAfrVqLo4JM8rA6Zkck2YQBu85TfU,NA,2026-09-04T18:16:23+00:00,False,44MEfG3UD5pYpLPy1dDGbaXb5uT3TFLxiB9rvELrWhsL,2834.979841937494,5825.7461205351065
DKAChw8h15S41oGSJbnpF2Tezc3pBM2BbvLBGtUootBb,MTS,2026-09-04T18:16:48+00:00,False,HUmcC4ydbN9KjDD8M1rNvjpqpTXMFyBaXKgcVt684cTV,2834.3561078336456,3327.83949949862
FEjFBqanjHCySPPNhZ3j4LB1SVquPvovet56nKJ98tWV,Dildo,2026-09-04T18:33:47+00:00,False,826WynXCV7BMJ2afPRsYdG43PKLQD812pcJvWC3oigmj,2840.9839888765264,4312.928846414636
EY43wYTkEqBamLDeaTaZy2orm92dQjCMSufpS2dCENeV,gasless,2026-09-04T18:35:47+00:00,False,Gz6Kq4J8CE3Zo8SFoZcGBsua3xQYmA9sTKKb8ZHiRNSM,2861.43448591384,11134.457825858575
41E26JkCTv9suCRiBv8Gx32xhDqZjBhBuMnrytv4Gm6t,LUNG,2026-09-04T18:36:50+00:00,False,3gNNkGzrWfNAV971AA77jQemx4hPBH2NU3fYzz6NjsJR,2839.7949678544733,3274.0510771069
DeV2qjHZCek1vH71HwRmf93qwtjzzSbCYw3e5TrhRY4C,ELON,2026-09-04T18:38:25+00:00,False,EkVq2XHAptdSpsRBJcUDtAYD7cixKEoc6v58h2k2JtEd,2840.3541477240915,5534.571409345003
4ozeVWcBFjUaqDUwTok1uWvxjitpfzbS2HTXrRH4AYB5,Charlie,2026-09-04T18:40:25+00:00,False,CUfi8hnDTZAwJUjFB6VFPhWJnHyCMd6awWQLmZnaLBza,2850.742525865268,8442.08102311185
6iymtCT9W9M21WqdKrunKt3nTntN5Mf1FuD5Le66FZgo,mert,2026-09-04T18:45:45+00:00,True,Axot6gbDKW4YmbY1XhBerwJRy1xQF5SMnovic3hUTN5V,2388.6243819049355,68463.77130932528
4mXWgRSADTrBpNpqA7cxtKjkLDYqiT1WVjGQV3wWvRGN,AI,2026-09-04T18:52:11+00:00,False,DX2CGnFE9oPuph7ohUHueYjc63JnE7HsT8ytpFPxTXRj,2839.83575472334,10054.392649304204
D2A11eRYP3LHxfBAgaYk3ibTHKcGFwLsFC1cJUYVmt1E,MANIFEST,2026-09-04T18:52:44+00:00,False,8FQHLSUmTVB9DaDAXXb4ox8zfUnebf4Vc1yKQqicSLsy,2948.053401975137,33687.52869967473
2MzgGekM1pvTZGv7s8uLgCpffBe1FBc4BRLqHHpACKFt,ABUNDANT,2026-09-04T18:53:22+00:00,False,6AbztMxjvVvKvpGCSdcBgyf2SQbuyEvJYED8BgpVrxg4,2841.472509073495,6234.863592030936
7qQaSd1H7GzENcGCn5HkmNxegupJGGf1G6G5TZZ8d39b,PumpLife,2026-09-04T18:55:22+00:00,False,78krKA74uK1aZbBiKdVbzFR9wS8F23AyN9xqVgTBvvmV,2845.278566243121,7575.762462970654
G2r8nXKDfLsei9WdWpvGxc1hgTbxU5tgu9rw8bgbVS3C,Haggle,2026-09-04T18:57:57+00:00,False,Ci1jd1MCzovDi696YV8gcrpfZYMXQzeJZ8TTyzNShzKn,2843.1500487780736,6499.1941718677635
3ao7TBHfBksPi1cgRWRzbbjndVRCAH4criXpMNBNDjix,Haggle,2026-09-04T19:00:25+00:00,False,6Cu1ZnXxPW1LwTUNPFX24YGRquXBvW38otukR1aJN89,3030.523762989548,16303.643434849668
EvEwpouP6KZf6Aj4zu8MWsT1MGpKnhDGnoMBoXtPwxtj,Haggle,2026-09-04T19:01:44+00:00,False,3WLFRTPghrabWwfUJsStxG6d1Ru95AYQ5assf9WJ8Dfi,2844.534292475392,3991.7556451610744
E5kD68HpYXfwZEYwmZsXJhwmcavJgFnkT8Hfw8DW9CkX,ION,2026-09-04T19:06:37+00:00,True,DXSJqDs4DmwBRMGWbSXQWQPdruDd9YsTyea86EoUxFVf,2839.3522834182513,47752.65900021009
5KkiT8y1RKVs6hF5K2EFwG5WDarwYo3whaS4qBmTHvQm,BARRON,2026-09-04T19:10:08+00:00,False,A3GR7h6PCbYNSXhXhJMb5Ui4phYDwN2w1M8MWvMb4Cp3,2845.1372810086928,4494.267693882302
CL2zUTh7QbW4TQiNH6wvPA1QY2svPnzxn7hbzSW2tk9o,BARRON,2026-09-04T19:11:02+00:00,False,qye9RTiDASK2JUz7ft7aWQ3MSh3mFV6HfbKECmfm2SH,2972.336530753026,9891.947817410917
F8XBBDBgSWMsLRMwEHWNM9nC2oXbyXxX9WoQVLVHU9e5,Almond,2026-09-04T19:25:23+00:00,False,2KdqTYAo7mKzvBGyr1Krevkufb7CNzZvPq8KB9ycj5gW,2847.6234893513515,6600.896060637861
EVG99GDBYEzigDQeAR8zxiQQ1kDKtXBjTNVPHuUxB1He,ALMOND,2026-09-04T19:29:03+00:00,False,7ppXaDQKUuoADGixaN7z4u9emo1KRj7pZiEYZyw3qEVu,2844.268409371261,4990.855427432878
5u6EXLgtfyteUaReHjLBVSDYV9NYNTzzWbBuspaNLpks,BUFO,2026-09-04T19:55:36+00:00,False,BJFBnotCaBSNkkfr9hRbE9BewqKLGY6UNUQLcA3MaHgB,2914.608378830354,24568.48700233312
G8zhkYhneurmmYh1R8Yk5KmkKbAEc8FyWYQ18eZyXGXR,BUFO,2026-09-04T20:03:39+00:00,False,8uHj3D5d1fKEjKRKHmBwseytmUZnbPTKgyEkqbSXZ95r,2981.7767890950713,15322.365340717892
Fux2fTYBqkudbCjYnUD72dKrofYyVSkFQFnqSGo7JTFq,BUFOCOIN,2026-09-04T20:05:23+00:00,False,7ybPzy2cyWT4GsUUYEf9zJEGPxG6ffySCi4HQmJGfahj,2843.7092289323978,4710.894018546872
E3z8AzhswhMFYJCE4QeeWeA4sk1Dr1tf7y1qd1CQYrJp,X,2026-09-04T20:10:06+00:00,False,3F3g9nXoYuC9LGtJ2NMXFgWhoTPWjCztwpD3weGtzUyf,2850.6989760722086,4452.068645765679
6H6xiAbGcvFs83TxRdukkZqPjkbE82ZkhXGajyZY8XVu,CRC,2026-09-04T20:15:48+00:00,False,8uGXs3bnmn19dbb271G37anPAV6gsyhssNb5tv4Sg4xs,3903.419184986143,17084.45712667758
FF82VMNp5V1uDesFpa7FY6haojyZ9ZYsHm868DposW3W,CRY,2026-09-04T20:19:15+00:00,False,6bpc2gn4aDLRDiQxGW6ujhD257vk1tA6yhar1xkJEUrr,2848.290625992813,10120.414496282328
BxHTftxEyrV7Se1vWw1Pnv4h1Cb8cZyXD2RDZQ6Ft94q,XEET,2026-09-04T20:29:44+00:00,False,59HjPrPEEztZqrkH1Umncy4YBZkjh1uSH2q2Q7kJJhcM,2900.0175454497466,5197.025294192809
6LVX2jTubkmA8856raSqS5EwDK44txAW1nDHL3vSJokn,GRIMACE,2026-09-04T20:33:23+00:00,False,3FCG1gV4nt6d1N3j3EgyBsJuzYYjvMjMPt9rNEnKiUWA,2849.7876954583867,5943.336595323412
J7Ya6rg1q9Gv1tzmzMWJuG3AvyKgW5LSSam9YoduNdF1,DAVE,2026-09-04T20:38:34+00:00,False,Dw9vSJVwQgwzBvkof1pWYmvb4VWj1DCkbKBLBJUuY4uV,2845.666358477428,6268.298443738575
DuXUMwrTRqNQXV8RWBhREng9wuGnRoqLDdVBubYWVzvZ,DAVE,2026-09-04T20:38:42+00:00,False,5jeCmcnkYiJsP1Dh8DSkLGbs6tPb5QGUAb1YgFhSjHnb,2959.884609597729,19542.514178770107
DHTUpBvsGSoyrpWkkbwsmBTyNSRAjPDvRZsAGJobrfza,BEN,2026-09-04T20:38:53+00:00,False,GTkBwHygaQUs6A9Gzz3QJFBnEjgVNjJ4iLkWfNtCAs2U,4000.000037278658,15217.149652814107
iUMnW2knqizgxX6LpVo12HSRAy4zxJmrxf2jhi6YmSC,Ben&Dave,2026-09-04T20:39:24+00:00,False,9LN57BTzH7J1QXQBiew7TRZzJXXHH5UNAGxFcivMqVws,2865.9339222625536,12482.4579251566
7CrFntVvugf4y1ycozwMUk4t826M8nynsBkA9S7LTkLZ,Them,2026-09-04T20:39:35+00:00,False,8hFMphnHP7h46s4VgZEFDt9bpq3qytQPXwURMopbQxLv,2846.237698359941,7221.714678488524
Fb3b7ykusjMhvNKK97cmAmJC2WqZzo43m1YA8R4QDvDz,Them,2026-09-04T20:39:43+00:00,False,9QUJnZjjuZ1Ha3A8NKAJpqon9jwYZj11Q6ZQvocYe9gY,2846.000950629591,6388.625492858889
CzWmpdXxJ1GQ2Am1JTaJ8MzhjRpQFLwjhDx2ziqQtSij,JSNF,2026-09-04T20:40:32+00:00,False,8AbZy6GBzT92Fo4MaMKwamAwWcyAQFoyjEKs3xEaPDnJ,2846.0675483480272,8363.159842924279
Btz99RokV2S6BbCTxVsJi5thD8eFUJL4tZ77crX5B73U,OPOS,2026-09-04T20:41:09+00:00,False,3mUbeGMzw43jX6eV2ncoRVhbQRndhfkHroiCPSB95CJi,2846.0675471147183,5613.735393027067
EjKvxqXbHvbTm7uwzk2PiqFM9cem48az7ApcwKTDNRaq,mert,2026-09-04T20:41:36+00:00,False,8g5K7QCJPgBoBfqxS7Ypi599huJLaof3NtB64kjicFCb,2846.0675483480272,10913.711733746642
6ME7WjMaJeWf6EBvZRsWa8cgghQTLUbZyj2F8zNVQjbG,AGI,2026-09-04T20:48:05+00:00,False,CV3GSQgxxunS7iYkWSgpVYTWG83SJL859kLAtneA8G1Y,2850.88010380464,7041.742577436635
5qrEhcoum4UZoBWDpFsviAuwi189PLzSfSKzwfd38Q2h,Grokyssey,2026-09-04T20:49:46+00:00,False,2TUp6kc7SmM4TfvT2m81DPAVhJrqEZscBpcGEFz2KDpi,2843.988818677803,5620.181658738216
xGGorxfrkLxr8YGCBXu9cuWAFVaKW12r5sRAScnLEGT,zolana,2026-09-04T20:50:52+00:00,False,pALDDH8oxdx9DpxbVptNz8rqUjmRz5wYbaRxXCwqrAN,2846.7847165093754,5668.503664431232
85u7bh91ETKcoQoAHWzsa7baC8C7gDQDZurCGyhdfcej,Niralana,2026-09-04T21:04:02+00:00,False,A4jGRawZ3zHPjCENEftLe1SXB3pcfepbeX8jCb7J8WwP,2847.254021618389,3916.351860540034
9zjJyE4gejfpWvvTwMzMaHETQFHJJXtzgfdZjVuMLP7K,LIBTROLL,2026-09-04T21:10:54+00:00,False,FcUhkujJgeCmBycQiUmEEVyTCfPk3s7fvWCwYEVjxbiQ,2843.9888188674,4058.9703724026267
Brw4zXoPTgqBhVtWekwih7Lph2BvFYb6PpkP8g2fer8w,MEME,2026-09-04T21:22:25+00:00,False,3uGFn8cwgozeiyutDdcWVU2ML3dy88deZc3RXdqmjpkT,2862.9357363406966,4957.987397063866
ERYaBWyEX7FagL3cgHmGWCRGc6E7eQsJgzpvN4nmehac,1B,2026-09-04T22:03:31+00:00,False,4g8HjBnZ5zPAFSxWMMFtqugGokKrKL4sdnR6xLbadTKg,2851.4659769270843,4851.51391481468
9Fyw2TgXYF9QN4i9Ft5LGLX6X5j6M3ctVTvW1iGp8WvD,1B,2026-09-04T22:04:14+00:00,False,6ruUygARCTmgVEe5xVPcUMGR3n5DGxUmtfe3NcW5zShJ,2857.8825912183247,5561.290693679722
4E4ycNxptZNM8K3XdCtrAHRynwdJBJqak8xQPoUnaahd,Litecoiner,2026-09-04T22:09:03+00:00,False,AWLFHLxYRZEvHmaw5yG9Krz6hZLcRmHnj7WxKbeHVAb,2905.9551800820636,10977.104365163312
iDfdCXYvkqgDyTqpbwoHAqSZKsznyEqrPXDXw2asMbB,Ralpberry,2026-09-04T22:11:25+00:00,False,Dpbq4WRnqTPWa3ecoBNyUkZ2k8ZU1Q4HECPGS7xkfYuo,2842.8704573268965,3924.2894897406827
HeWBk3WZAcUotjLQFSiEhWPLo3VaZgXuZF5fkEDgQd4X,SHIVOLINK,2026-09-04T22:26:24+00:00,False,2wjhjLjrpDDJ2VtwBqKaaayqFgn7fnMzJRDhYh1tpNty,3104.460395042737,28499.233424058853
2bCDAPu7DeDaRiuE6f8FnHEwcL7DqDYkSJQrVwWc3bg8,shuvon,2026-09-04T22:27:26+00:00,False,GymvZjPSm9SKYXH6mzEVsTDbhDFCgrok6z9NybprmAYb,2872.1185630559594,4836.519101886764
vW8bJ39yhDEQgRefHAXhuLMBDJwb24et15hXtY7CVbC,COGE,2026-09-04T22:32:00+00:00,False,HSKrGPMEywmBwBMww4H5KsNKHAgKJJL6Pu6pKewbvVsU,2905.986519777726,3956.729033132687
Go6Qd3LFxSSeWyWLDjuPHuug9c6btSEK7DPA8S4NQXrE,better,2026-09-04T22:32:16+00:00,False,B5Xwg3SszaqLxYBhGhiRbJdo21WuLKMSJEYascy77Lqs,2927.580723070008,5211.121350647368
7wjyoYdCKubNx8AvUARa4rtq28gUGtQKd7B1egtbshsk,DEFI,2026-09-04T22:40:29+00:00,False,7npuHeHbDodHgjH2vxCxyNwJC6Q3QFwrVtvJ2jZqFBht,2845.455935328136,3236.00284539161
9uLN8w2Q7kiP2WomZDDoU5gmP5eYqG4anXUoijzF2Hbx,MURLON,2026-09-04T22:50:52+00:00,False,DyvUgwinikvaXpatRJQPEtXCUTaHTak3LAzMq8u4FT4m,2843.4296372913327,4330.250542644256
C1DvSibejCG8uCeRhC6mCyXmHkFvd81AWrgpjf6N5q2g,topdog,2026-09-04T22:51:30+00:00,False,D5iGR1L7DbdXgGEm2s7z2cstinpjRwfhdbDzneH76kWL,2842.3373131577864,3914.9518137882
6jmctYs2rXhyAkWZv1TAaJLAmCeUmaqYwkKtjZmQdHd1,topdog,2026-09-04T22:51:38+00:00,False,EQiAZ5BsJZqjeUJvXaeb67sgL9QJEgHspuHSnTj2wyPH,2887.637768644443,9911.678756335892
6XNLbDKj8jFquv4fMMKs9HpFNZNTSejL85X8o4iZeswx,Bingus,2026-09-04T22:58:31+00:00,False,GDQ1yiotab5i8whSKnxw62PwaiXFQ8b7kwRWgKjy1KMA,3143.624069264493,17828.823719888966
J2UAghaJyadh3jkuksozHN71q2TYMYRpfz4aFeLjr3fA,Bingus,2026-09-04T22:59:19+00:00,False,zvdyob7ATzoQe36VX66YmjBL5ewvu4oWC3v8EjB8Pqu,2843.7592427450195,6629.229268367851
B6aj6ovven11xFJGmZME8Up8pHeucEBEa12evKX7CQhS,Bingus,2026-09-04T22:59:34+00:00,False,9TGZUbS9w8gspUYMUSU4rx5uoyTdoNTKj4swske7YkuS,2918.0114140493674,7706.24214843877
GSz5wCGyFwrSUmP6knGa5BnB2eKxVKWQUsWuPg2Q8WZQ,GRNY,2026-09-04T23:01:16+00:00,False,AyTeo8VHtskzameDKqF9x64pUCcx9kKdqbCpLGqvGR1k,2880.962931677265,9009.19220171881
5VDoX1S3YHRGk5xamXiuP5VPcwDXux3fxknUGwxunh9E,stonk,2026-09-04T23:11:25+00:00,False,DtCWwwhYTYuoDs3PD4QL6RygSTpX9PjT25MMWCttYrqV,2889.28238949387,4869.669936412445
2CmMN2MJjgSzj5gTQi1NEwPUtE3cAM9qu2WnWmgbvfSf,AMERICA,2026-09-04T23:14:47+00:00,False,DMBvnjwX6xBmmHNHBPCS7i5bgJhFrbYUUzR7mk7oxit3,2851.073581067342,7057.488369998398
GXUMTDp2ncujRwCELyJaVdXScEULKjkN8XbGZnJFtjMs,BOLD,2026-09-04T23:19:31+00:00,False,5egz6GP4EqoRKRgs3KQ81BBFWxiPBhgpruJmiBtM5F8n,2849.0941291811887,3935.4356422065503
HC4mQMehQDDygHkwx3UWETjXQv2DNmdF42nPqAemTtEp,$100,2026-09-04T23:19:49+00:00,False,8p7yE8x3sbJpnEqkzXwiTgywTHYNxbewHm4G7zXCrrM6,2849.8602068375303,5065.100293943681
ED2tFLHVL3EoMr2sSruyzzUw9UHKfaT6iYZJDmAZyo9T,$100,2026-09-04T23:20:11+00:00,False,HtLxZDad8JNfixo2A379YYbBPyJgTaRYecPAwdnK4wUB,2848.4314025903604,5989.319915222052
12e9xuoq7prZxXTbRVq5HSN7qqkCvyUMGvKfour8o5NV,Polyphemus,2026-09-04T23:20:18+00:00,False,J24DQSS1uSwcni1kyLo2Jd7AWeViFr73fS59BUESGhrN,2848.2818381150923,6387.321889235732
8oEqcGC2QDNMtp7oYfF4JnJ3NLE4LZnA8ofZ28WUsELR,$100,2026-09-04T23:21:38+00:00,False,6qTx4dbr74e1ZJC7yheTXH5ubezo6Kxn9bUX2WgkFgFv,2901.7577032351182,5620.539356077124
5usc5xxjKwrVWeK7u86MvgReqAbwctHbhjGx4SJxyLVr,elun,2026-09-04T23:31:03+00:00,False,EmprCQ4Fwo9KMK7TCTzZdnVLfDFPeoYBNdFLT1E98eSg,2849.0214387421247,3931.5943490205664
5erj4fz47YLFZc677GNipfaK1G8UrwwPTyy9HPaMtLmk,SLINK,2026-09-04T23:34:39+00:00,True,49U7K8Pewy6fBwFrFcmYjSusxsSqMGUMvMXrVT8zECRe,2667.8584195122003,54042.70293564905
CUFwEHj6MTc7BTXP25cqCAuR11qHrGK31nV9LN5Kmb3,BRAINDEAD,2026-09-04T23:48:22+00:00,True,HMXH7ydde7H7ezWsMAfLeMEhpY41RxQZJYqHW6L4w7D,2458.59534026313,177524.220527299
4R7ad2Cf5ACXZqaBYQuL4YMUzRcNWf8u95NgvXEdRVLY,BRAINDEAD,2026-09-05T00:14:14+00:00,False,GakA3ZYvA3EZY1W34UjB4PLSvGzn9jaNsvZeph6Mxxf8,2846.505127048959,4545.704678178517
FAheZKEFTS4uuJX49fwP7xUypQhaeBdAidc4D7Kcdttu,sulena,2026-09-05T00:29:25+00:00,False,8KY3exEtwiW6FKLDL4cFiUfzJLyTt9WWtouKsHbD5eyp,2898.9620331225988,5551.225674619701
7vdrzyQHA63A9GAPW7uikgzs85ZfbQKYHaa3iaqmPW5D,AGI,2026-09-05T00:30:24+00:00,False,3iji6tuNaq9XFtchxienmf2Wmqs3QzMDv6qSvymEg7NB,2848.9639980803577,4382.469991422436
BW6JbwabQeeqwKbDvHNxMBvJ9btr7ZBkVEnbgaTWZBQi,IQ,2026-09-05T00:34:31+00:00,False,BeP8RHw82vjp2G6cKJDtQVvvUneBr6ok1tFB9JdTY9uY,2862.697270941937,5719.887076540896
9iJAtTYkLMGBYYDmvK2XQVFBxW3n2U7ywk8SqfG9NX3i,FIX6900,2026-09-05T00:43:19+00:00,False,EZuE4mk51Ccvit7ym45wEBMHEmBxcMswFrYDoK6V47qp,2966.027684913875,9282.562551749188
F56bPS3xqWS4aKb6seHiRVuLwK5wLwXaqy1jCWe8xcAH,MANGO,2026-09-05T00:53:22+00:00,False,H73EETGNZwUKMfd3ZWwi5Kr8NtX7nvrquP5M27SKpgNJ,2863.2055733697503,5714.502188063021
9StepH8mYAMkQbtiDDsLhz31v6eDFLBa9iS8cPEU9bWn,UBI,2026-09-05T00:59:10+00:00,False,Ceaysu8ybGxr8qJc5smJbAUFkCs44qGHPFFCZTZ3NcCF,2914.0129848291845,9029.818158309241
Eo5cHva4mgNjy8j7zej8HQZ2ht3yqjs34NE5M4SyVo2Y,BULLSHIT,2026-09-05T01:20:39+00:00,False,9sE44FtDUhBfGZuKKVoHAGzhg7Kubx6UdDwwCVm9RCeL,2848.1826664683786,3889.0447282129185
EYjqHs2ZUQvYuUuYm9Bh3fQ1vNcC6H1YmbkbzatrEsbE,BULLSHIT,2026-09-05T01:22:42+00:00,False,F1UugxEAvSLCb9FTbQb2AhrwK2YLShS3TPyM2n9Kjd4n,2971.992652741735,13915.147607850564
24kU1Mz2JMfBzah4WWRM82JW8ySNz5UXsu7kRbhcfu7k,Raydiumdog,2026-09-05T01:43:03+00:00,False,5uvifayVACqX7UCVRoNA6hshqc5n6AsocDuPFuwNve6,2942.301965461001,12338.421128689457
Evcz37gTFWsxdAxZyCN2Rrd9K7oz3Xd52UFxh89pTH1e,jewcat,2026-09-05T02:14:34+00:00,False,CvWmcWnSaGWyKgnnknkcYBC6386oewSiPj6ywsp7xJxq,2847.4657657608145,4987.482311598879
4a5NXygdtmShLy6qr6Gvg5vtSf83D6fqMgVztNnbbr46,STONK,2026-09-05T03:12:20+00:00,False,FhF9TxUeNPKfkivnYpHKFWtSQgUgMK1NgJtbMvUruTLh,2888.9138095586204,5583.526076306146
Nxu7mx4BTVLJAuD3vZBcpPJ6Smzi4fZi4df62v2mNsJ,STONK,2026-09-05T03:12:27+00:00,False,5PV9dbXA1yJvLh6Z99c4Vs7G82Vty4tEDkL2cfHiyq5Z,2849.463866805358,4860.642839438805
HXe9JMFGJabPqM6tiNB6tyFSGnXrYiwz8Ps5Ks81ASyf,motion,2026-09-05T03:25:46+00:00,True,6iw5e1NzNL1Liwkx4D2j9ciFPemdV4QGAJEcNLttJMst,3998.9864578939028,45261.50638774227
FQj3a6Evnx1ugpqhTYz3KTT4VoxGG1sf5iTXw9rBNjMZ,SOLCOIN,2026-09-05T03:33:45+00:00,False,J4neNCM4ZxxQJdZgBLyN3dr4dWAfn9AQJVrXZvPRMV6V,2953.9626911180862,11066.593755901184
ACjmH2zDAmL7UMpsVDCYK2TA85ZZFsoa1XsawGP2xNs,SOLCOIN,2026-09-05T03:34:03+00:00,False,DXWebeKj9WxzRCbjoFduhAiw1Q1CCj8yC1JaXgYWxdX3,2851.537745496654,4585.616294018147
5bTDJ9RjV9m7K3FcU1ThyFv3TorQ4cYQN2djZ7kk7Ffr,FHOOD,2026-09-05T04:11:16+00:00,True,AFRUHxHX6dxgB223KyR9s9Dg5m3CidVDjnh4oByAqWkX,2903.8246101086993,58058.98228494865
6T8LHvRwLQgEoZfnfoUpvm6UYVjREK2aD6xYxTw6kegj,OpenAI,2026-09-05T04:13:28+00:00,False,FZrCfexP4R6N2BiGxFEp535X6NoJ3tEAucW2K8EbAaBv,2956.5377841538493,8210.734583972837
2uH6GTrQexC5Gb34f2MZzfxWKAtXdKvdgLRHWLwm6ZKY,tap,2026-09-05T04:24:22+00:00,False,G1jB2fzjoyF7HnJGoQxU5BXGucmpKpn1hdFRzbEzuiwR,2879.7956646348484,3983.0751847101797
a3pjj924yMHahHBeuTw46kSAZ4C1Vxhz6YJvRsSWihg,ᵈᵒᵍᵉ,2026-09-05T13:56:16+00:00,False,4FU3Q4K6Zfn4BbBtDXVi3LUSiTu7VWqVsWtDmT141LF4,2889.961958569206,6331.589603927847
2frXP58qUdqYSZFj3w5EsaJ7gRSjSsLWJDNpDRzxNHnB,ᵈᵒᵍᵉ,2026-09-05T13:56:39+00:00,False,Hdt1JpyqKy3d9HGQBMY2k6c3ZAh62VopLudNkgeZ33ES,2872.899083512168,5860.730657954349
8ig6M1P95LxGxv3sHFzEr5Z7jo9rfeR91mjnWcpRSrw5,Pongo,2026-09-05T14:03:03+00:00,False,Dz7XwHDiSnBPj9wy6x3JijXU8vYHZJzgNqXaZgqSump1,2987.233883302093,10453.983072451088
Q6VRuACtY38EroBzbKU729A3oDJXeNe9wwpkzy6Ey8c,PONS,2026-09-05T14:12:14+00:00,False,3LHG1q5NSxz2zJ5ixPwDuYna9axXLNKkQwYT6iRY2hrS,2896.1656181795156,5642.295394973072
5g5QLo24RdW82DRdPns5zRxoPQosQk9Cios3Njp5i3qS,raycat,2026-09-05T14:12:15+00:00,False,GgweNhy7u9Q5U6GEhQdhdYYRYDs6115b31F5EKnJCxCT,2896.1656204160477,9264.253216188941
GwVLiddjDaSCmZdpahkeauymNv7LHnFKZN4Eh8imPN7r,tradition,2026-09-05T14:43:38+00:00,False,76CypShBcVETVSjxsQicpCim6kPF7Lt5tCe3sqN6LRZD,2874.585669241647,5620.203985954244
2huF6QaV6Wfvx4bUM7UzP6cqTx8yRSBBWefuQCESwsYk,tradition,2026-09-05T14:43:40+00:00,False,CBxRc6dJ6EtWXpYjNzm6Gh5KZYxYPGyx16amNsQBcJtp,2875.023301461249,4377.9959015757595
7E4aU2fB4Tsmw1RPxLLfYxiprXxUHYF6LybssE77p8QL,BRODY,2026-09-05T14:57:24+00:00,False,4bjNxn1nY3TbzhtY7Af9ZaYauYWKHpjWKNmUThHYp5iY,2874.698825927054,3314.3708309436797
8oxAKrXStZbkYmDTPe1n9VeZaxhsE6tFm6f5PfD8hJiL,MAGACOIN,2026-09-05T15:05:44+00:00,False,E79C7mus9rhEBWx87BJFGypGpv9DP7t34TcDdXpQLfGe,2877.849965104934,17783.204379600233
CTusZqg3Bb3YdpJM3w4RXdWBmpUkf78nFuZSfwyZK6p5,FOML,2026-09-05T15:23:24+00:00,False,211zgjvxpLVdFFn2QMJdPAdCAVSGAfPcWmXFnGj6VPq6,2873.0661705755824,4890.761181775791
DQeEpwKpGit5btqfoT99bMrQTwrDZ6rkqRgppqrDYvWT,poorlana,2026-09-05T15:31:37+00:00,False,5fc65PHy7TwK3hjfFPYccxAEb2PuadP8L4Q4du6z753X,2939.394491472915,9750.343160943117
4s6AkVd62vRaCoL4j1YmrT1oVErk1quhemV4EKVGFeq2, ,2026-09-05T15:33:18+00:00,False,7h95G7PASR2wh3Qe6iQcB9v3UKmpWk2Hoav4kxRGFZo9,2871.0001366656415,6696.357559631404
7zCtk4gVfknEXRySWtyYYa5TAEkF28csZ4G1u1dqPAmv, ,2026-09-05T15:35:52+00:00,False,5u3AacqW28KfntAWot4mVbbaJiGNKpSxRYdWSTtsTj3g,2871.140913977673,4027.8194201605097
CMycQLZVhzNGYewDzoZReU5Truda7TMSJsZJaS3b6DTe,bagwork,2026-09-05T15:36:53+00:00,False,2ybjXKEv3yHE9erg8xjRytiK1GsTyb8Zr97imz4enGC2,2942.559053101976,19470.255712086375
5XYKfvm2n9tL2aF2xTfbiYrnPjmzAyNErjbwNjNuJhMN,Uncs,2026-09-05T15:55:18+00:00,False,849sMzoo4kcFKBnKYpPnvcqy1LtjP7wka84t5W67A9tj,2876.2063135057797,8738.398267256847
Cn5HgkdCUBMxnMai7wKHrBxevpSLSNrs7fRpxP1y9TYA,SOLDROP,2026-09-05T16:06:57+00:00,False,74X59Lo3qzpvqXkZTj9GRmgL9CmgpLYnrDCzrt7HNgHA,2878.350372486201,5611.383395886769
9qyBfjx92CnTorfo8UFEkLWTYeBh1KUf1zemFD63WBad,SOLDROP,2026-09-05T16:07:08+00:00,False,4TaWdJNgjtSstbJtnQ7qFznspC66CJcUGTbSUG6Tnf7k,2886.450038624873,5928.189780904422
GAZZGY7QNupR7bP4yvReQKKKAwh5qpgG3mfB1GZ6BdYN,PvP,2026-09-05T16:08:13+00:00,False,8shJV6Sis9X7bcitxL2ULrjCvTr8ZZydLrt1YY1seMKB,2879.116496477945,4528.826263627763
2vdmL5cubi1qsREpvaMCjfq2MHjjrtVTyzcDbNaZjeru,TINY,2026-09-05T16:38:31+00:00,False,BYPi9oAeixcBtzMxnmNt1YZSEsSULAvRBSzSuU7SLuTC,2883.690588772957,5020.552805825112
68SsJz9s3DRPNC6wKpdKHdHBibYKxV7tozPTxJzgcggm,better,2026-09-05T16:45:53+00:00,False,HRbH8LTMeRJ4kNf33Hjaxsn5qj4J3i3cNzcRfEiYnbxP,2901.4998712009447,11979.286538979339
Fc3SbfJy4dG5QtvhMsby8cQSv6uv5FWNXKsvBHJYtHYM,solano,2026-09-05T16:52:59+00:00,False,G3WQ5ppSR1s17XjC9tWa8yfdHAuZfHKEW6qUqZpeXVCh,2890.709833651442,4284.620554300606
BtVcbH5YdSgC6zeisFaA1qY1iiS1ka9gQ98BPmBqAb3u,Bailey,2026-09-05T16:56:03+00:00,False,AabPNsvuwHf5j3J4BeF4tHCmEp17EwdEGbH9rcmqWvKE,2906.9046255579433,3323.0052949040664
G4cTWVy57ZHNUaHSFjWtBpbrCdjAcsiBgge2yPm7K3Qj,TINY,2026-09-05T17:09:39+00:00,False,gcJQkhEmwWGTSnprGJQGRoPVh8A9Veb4FmFguB9zrB4,2903.952880454775,4093.4093923372466
A9ssUn6sUiAyBE3bLj7Xzhrtpcd16TSgSSHnFPg3Lhoc,sexcoin,2026-09-05T17:24:01+00:00,True,7BDXciJzLD4M3ikf5XLX5KtGJMRLEfzvprZRrY8XJPkj,2301.1586849544346,58864.00847412878
3rHXxSTDYqUHPRm7EUMvdTbHWVf6SEt1qboBfgsoPr9P,Rick,2026-09-05T17:44:26+00:00,False,6MMfVsxmsa1GzKiwifwfGuJd8cNabwiNNwGLLA9y9AR6,2909.6924522356385,4027.524171897684
2BkRFNjK92K8wcW9MBuSqv5FRWbZM6gYdELCNqRs212E,dog,2026-09-05T17:46:15+00:00,False,AMBW2zFWfuHNwASzTpKNWaS4UuectS7dfMjfG7HQuMYK,2912.239588155395,7186.856809921122
FDMrNqM3UnSyicLfbFZDK3wEUp9Ryp2HC9kTUMQf3Q9m,Gregory,2026-09-05T18:27:01+00:00,False,pvCsBLmVLvJesrxfWXQYPX35vgNTndqTqSsPoH3Nxh8,2948.8750128616675,12410.903801723429
ChxRpbuFt7ZGmFWN3oxMrW4p7t1Bbp2utfWAXTjkpPGt,ELON,2026-09-05T18:35:05+00:00,False,EfvQYBa7rhV49iSxB9mxm4YW1QbRhF9mSHeBnop9qNv,2912.239590096888,7935.059763744355
3neFeJz3xPtpjupQPuXYXyrJiXnwW3rMZcbsV7B9qNjE,chair,2026-09-05T18:41:41+00:00,False,7hDhYppVe19WtetHmexTJzFtm5xZYp9e1UJ9AwwWyvYp,2950.518667955153,20339.870999755127
5Vvw8JjsfZAu91SW56n8qMCxn8JTEX9XaWunxoj2bzFk,ZEC,2026-09-05T18:42:49+00:00,False,9NjvnKATtEyAF3ce3921jB5oDG2AradfM9Coq2CcLzvR,2905.0621491108077,4546.809314695885
EHueQusAhu44bB44vZGHoKzNitSPNcFwXQkK31fnjbuC,SOLANA,2026-09-05T18:53:27+00:00,False,3k1p4vfLECommd55yyt3cEqTcejcCwWzmCG2MsxbtePC,2900.4754964012554,4730.5307859346985
6DHuKc4UcvUDzi5TRumjLGB4Fzj8ACVHUGKg8wriZ7Xr,SHIT,2026-09-05T18:59:12+00:00,False,CA57GEjUH5QhvMEXpZkJ6Gv1u89RstJ1atWmcTo7wbQ5,2984.4658514794946,7549.22963820914
EvSp2GsyKBfKEx8V3YuVSYKPHMYcgqQM6VDRPmTauU9D,PHIL,2026-09-05T19:00:23+00:00,False,CKZ28VjLxadNjQxp9kZ4irogf5kqB4HEzeqZoDo9XTVE,2970.653496803358,4549.11610755871
8ZVgK1W39iahXbPJbMcekuPEQPLCZbrvge6D5USXgHgY,bad,2026-09-05T19:00:54+00:00,False,C5adnbFGKgsELu8X1ZYEnDZKtfnS6ynCTF1msumgscGe,2900.22974384054,6016.343975381452
DuqqFkSknwR9qT12QfNnUyqCWVVFjVxVpZfCgmbtDkQ2,1,2026-09-05T19:06:13+00:00,False,DcnMkqyT8Gcb1mVYqs7c3DZAqZPpiNg3CNBLRpW7awWE,2963.9524118920413,4069.5474669501036
FAjLbiLzr42MXZvBszk9m49uKXUfPP7dH7DBVebG589c,TOLY,2026-09-05T19:06:21+00:00,False,Ab5asGvFkkyXrhkuHeiXRuZYxGQN85GfDczpeppvKbSf,2902.4276219802373,8853.48104996714
DYc2wNqLXkvMqT5yRWdV8HqcEbQSHDCVhcuti1AvNyx8,TOLY,2026-09-05T19:06:30+00:00,False,AzKr7sBgtYbr9ZChMKaCCkPe7yVVE8sLYPRKGMhEApo1,3004.2000867838788,10367.439497376221
9MBCD14oVCH9DdFqTqyJZXXrpqM9b6TCSEYnXy8vxJwG,SWO,2026-09-05T19:24:55+00:00,False,7qPE2Livn5XX3Y1bKW97NgsP1dzh3re1rEJUuXX9GaG9,2904.100653150941,6478.061841350219
5SJVR8oFXG7thCNv9Ut6iyVu7x2He1gVE75M58jcYPQC,ABS,2026-09-05T19:26:11+00:00,False,86oRQeacH5JVSveqWKHJuREJKAVoHkM3MbbkW9NY7yrB,2904.6598346665946,8307.737407664099
CUetYZXiht79ffx1pkcnKqcXRkzD1diXwL47fWv2r4fK,👾,2026-09-05T20:01:57+00:00,False,FRbeqdy6hnk8V6yNXQXvquNpRy83soPec4NAbMdcZhwm,2888.443617377763,4357.1600745380165
GLjhdCD826s4eds1HeFCicvZ7JRZ62u3SzGqkcq3f7CY,employim,2026-09-05T20:06:56+00:00,True,EfRPUvKi8aLaT8MwRuZg6Lsq2rHF4m4nmiCpKDvSeVt8,2326.7863510057427,107913.84257248446
5mNL8FapjNxDWrCAYijeRnATqSxAmZ6vDPBMPn4dviGB,JUSSE,2026-09-05T20:16:03+00:00,False,CgHANKNeiicqaHD1k4ku16zHP4BXohiKaVgu3GTxasEF,2890.9675371179906,5106.562699184744
9H2utoP2iEm6nWCP3KdKhoiKi2MZch2zyA1J7up7JHcJ,SEXI,2026-09-05T20:22:35+00:00,False,9C5oELCQYEZZLNNQy3zZeKjXViUKT1gjm9wvsSkHRH4Y,2889.733635382426,10677.397663689751
BRiPubrb4QYvEQCf2Eu2UdJ6sSFohk2seBwsgMdvowFW,ELON,2026-09-05T20:38:32+00:00,True,3fQknuER7gXwD3Ptp8qTGwS9X41iAG174cpVQJGE9qPY,2324.9021520962283,48207.47316503567
E8GSLUT3bhcbvTWmJ9MEw1LjzB25dcnTP65nWtpQYcT3,billy,2026-09-05T21:24:04+00:00,False,BCjosPSnbQnkyK9JS3uSXvhmD93PZFEt6VCTiUFJUaUL,4000.000003727866,6625.3133916053575
4tmH6kxsSmokfSkv1yfa55gYLfqCaaDhWGYZUyRJfzyF,millionaire,2026-09-05T21:30:40+00:00,False,4ocLxDN4vP7Ny9ymMExhheLDG5y8p3y8C4XD2BSwkKQj,2957.2160618091775,8217.551015718707
3uubA6teZLdkyKNfnjNCBQw5paw6L7XovmunXDPDQ2rS,millions,2026-09-05T21:30:47+00:00,False,Au477ALU8idFNesueMLFDSvamQcEpV3YF7qk4xrXviSC,2905.7484153784494,5087.32141824148
BQJLfdNvVdeJMTvshT5MG4NZ2ftun3KReKXzEPZaiyw8,5B,2026-09-05T22:11:50+00:00,False,kdQ5JN4S7Z1A9MnjHBGD7bfr43LkP8PAVz8mCReGMZW,2900.1863949332806,4631.913043194297
CWPBjxBxrNFjq3JZ4qwQ9SUcDHfg6YZobsPBhCWEdVBu,PVP,2026-09-05T23:34:45+00:00,False,FbpH3veMWJ378Fu83zjK8qqQp7dUWTKs9H5ejsHwAGfQ,2886.071001794782,5065.951508991088
8nZakumayuYLywhrkdqfCUUP5bn4W435Mf9XfNwLtfnv,PVP,2026-09-05T23:35:03+00:00,False,2GVAb7yypN34zE18SaqNCj26KqjVWai2pPPyeEnmh93V,2889.636544439666,4974.50232926692
5sQADW9AFQEesRgcW4Hg1zCLNDL7CT8vjYDzzHw6Kp2V,trenchcat,2026-09-05T23:55:33+00:00,True,8pnfLRjr7rkGDK2LUiKkah9uL179PHQLj6TE7gaNhndZ,2521.05220252403,118400.96721533829
76C7Y6feMxNAGb8ZnRBaqSJkWnQyThu4iJWdU3SWwuNZ,ZDOG,2026-09-05T23:58:55+00:00,False,2KKWf9oNioy3iiqjh8zKM5GpxNgvz5L4kywyezvo9LqT,2965.1802292124057,5082.037243862605
2h9PqMAbSGjm1YNr4KYxsH3KhJMZg9ywksRKH7p3ANQZ,WHO YO’R,2026-09-06T00:04:35+00:00,False,6odsZ4NNTXsuhmZPdT3BrUMimQGyioMuNS5skiukC1WL,2891.982098671068,5641.250132394978
3QmtBufF678fAAF6oDC7pcTyEQqwRvwovtmhmCV4JBEW,1B,2026-09-06T00:22:13+00:00,False,AhPzqoxPFukgTaUZxdHQX72bXFBRy7VZiudKJNfPSVS8,2892.0041766021077,4734.7133846180905
DXrgjqTxKxTsrPvzQsk7mwGbshqb3tDVuX6ahQ4UVQTf,bully,2026-09-06T00:35:12+00:00,False,5xWuRgp68cHBDQHvzYDd7dYzUw3bdZtUf4BWFR9gcxsM,2899.6272182530506,8889.227800434257
AJb9xxMgC4G953RabsMrjWje6U9MraRNpTTNB8Tp9uiE,PEZ,2026-09-06T00:54:19+00:00,False,5TDVmnLpgA2mFi1uVmhPesqmcgUiTAfKBgBK5TSgVpT8,2890.1211569871202,6353.19349342263
BNPPRDKWB5cJ6NA3PDbsTMNvT1x9vQ6wwQCv2Uc7KQrC,ZOLANACHAN,2026-09-06T00:57:47+00:00,False,BsDiN8NQAmt5LfKQfBesz9mNh6VCnvC2reAw979SzGjU,2889.1228643709305,3987.304745969756
HzKsuhj4r2qr5vUCRi6q9ZTEBvV1yJ1PUCFaAY5hquHj,PILL,2026-09-06T01:35:37+00:00,False,2T24MZ49yQoPPTCmrEQab4Dvogoupr2RD7wfNB4qP7UQ,2899.6272137102796,5669.912657560954
7BHzuM8Pk7F8ahW7fjizaknewkSnwXH2otwtQVae2t7E,MooButt,2026-09-06T01:48:35+00:00,False,8ZZXkbHd6hJEHGA4CKbEWctxQw129nxcCiUeNPdmdTUj,2903.279506291452,5059.679425228687
BHpHcq2hdiR1LR8PBMq17fD1wYZYgmm93gjyFS8xZ88Z,NICHI,2026-09-06T01:53:24+00:00,False,2shMsAHDLo3pYWiuPK3oug737vfTDtEQY3WW83shrvKS,2910.2516318143616,4016.477972706843
7MNkM2g1SfnMR4FmYyjHBEwH5EhjydepGsCKX7KQpNwR,SOLANA,2026-09-06T02:21:43+00:00,False,Fpgi4FEgJJonrkWYncXFyeCiU6Xd9q2dj36nAC5aUumj,2975.660530966618,6469.675563376204
9oky4nDizhG1ACEfQmbWBtCqKtAozBZTjpxteswcMM7M,SOLANA,2026-09-06T02:22:18+00:00,False,nEY825gtSsSfxxMfGH1hT8UxiyyTbZ7HQDE3K3ZZQGD,2910.531221943246,4782.400582583993
BFQv9TYZc1jhhXMgLm49Bo5keaXPsd3Mawo4drPr7aEB,RIKA,2026-09-06T03:35:36+00:00,False,7QNF6BqKexm5LkWVSL2oWtiYc6cuBxnT62DJmrDqJ5Wa,2974.144444226935,4661.151035894801
BfEPT1DNj77FjYHZbezW8vSHEf9j1RPp5kQsPosdYraz,F.03,2026-09-06T03:40:16+00:00,False,8jPWiXhatun9NkdiDaudG6Gi6nyuqUjpJa1dPk78isjp,2938.7698198625258,8337.977221205698
EpUciLDx28nbeyj6xK7r9mWQPN6u9qXwqmhzVmNRtcw,F.03,2026-09-06T03:42:23+00:00,False,AxQU3XUomkeLCWcZM3ET8ZdqCtL6ZME42yBpY9Dt882j,2938.6735381481703,9640.88648474788
76PsyTYEy5howe4nadoJPBKL2N3JneqJZKndMBRvvpJ4,SolTard,2026-09-06T04:15:38+00:00,False,CEc9cKGV5PPiQHgnrkwDhcKHAZj3NjQoWaPiXPGtjRY7,2938.3771116418707,4347.850566334524
5kdtmt3MGVp2SLWeLqNqK93GQwYxE42ySssUo5z5MxLY,wif,2026-09-06T04:27:11+00:00,False,EHZKTwwYJg75ByEHvjAVg9NzeuR2ioKCKGFpUYSsTmjp,2873.3604668988323,11686.760334831368
7DK38rnsVHWY6kaiXAEnUR3qirfEyxBsAxySZMrFMSgC,mogachu,2026-09-06T04:28:27+00:00,False,GaQjFthoFTpGyEJ2kesR7EvpCg2w4yCEAcxDeXS9rqX,2896.3787278275213,21032.63102635099
3GeNgcFpMwH9ts5b3W3jddtfwhwAURaykTy8YjtrGQWT,Memeworld,2026-09-06T13:24:28+00:00,True,CaLHzefiX7CsTwXA4n1Ha6wWqLXnzqV6d2gNBPotFmXu,2483.3406037277496,48410.65945701276
FQEkjCVWhZwbBhowWCoWYnj4VSeyNohMnUUsZu9vc64V,nyancraft,2026-09-06T13:55:27+00:00,False,2cKeRrfkFEstGAtWLL3gKYYEmdnKbemTFTiQdftJQGxk,2986.097068556213,5897.3172708756665
HiafjEe9FWu4p16dgtzqvw3sYj94kDNvwg5XT4sbPHmf,FuckRobinhoo,2026-09-06T14:31:10+00:00,False,FjXKLcVdQ4jqH4ujciY5AEdB6yNaontXKEDJmc1U5yp2,2959.9595512813517,6938.452388765208
D584XsRkhgSwbJmrWnJ4DUwdXvbURRAQt3D97aBbPBvg,DARKNESS,2026-09-06T14:39:59+00:00,False,3bw5aUhphyUteoQ7kfmm883hti6gwZqLSJNzoNFkebtq,2930.5819008718913,21112.76784410564
DXSAxxLnsf1kFgjUEp492FZQR4xfpszac26FXrtjWvwf,SLOWLANA,2026-09-06T15:08:13+00:00,True,BowF3hHUxzm3pam7jSXCfG1dbCrs8dyWeYoXqJkEPAYg,8025.501660817106,365341.1748923301
2wPKgjzfbydWmiHGexYDKSRDmuUXhwvmmPimwLHPWnn9,SLOWLANA,2026-09-06T15:08:16+00:00,False,J5JxQs4zHTKgGrZcvFyUzPRZTtiDiHQP5JqdnFGqZUxz,2972.879777715396,5860.44084834187
2hnjtbqZ3tXggTqBtFcLnUuHXPWhGDaCpvwjKkRWYKMP,Sluglana,2026-09-06T15:16:06+00:00,False,3d8Ebykqb2AMkQvYLZCqQYCejvwTnPnj2FNYA6hEP4Td,2952.882107966518,4695.313965815962
9w9pAjZva3J9CZGcWURReijT5fg53TDpDFGmnxZDWkNx,Slowlana,2026-09-06T15:18:07+00:00,False,6etjeKgsQZEYP6yiWBx2Uxa8thedqGFYMLz7EBvgiVm2,2957.676555156853,7221.500666503955
3PZxEBtKLAwPVocJqGwoks2cLbQEomigQZ2Vc8fpuBE3,STK,2026-09-06T15:46:54+00:00,False,91UQAQBDjjacoDeCnD1qRYF3U4V2knpkzuLvTxKzBvAT,2929.2878553882447,19921.979487199915
GM3vyyrFUxUHjiEoqdq7WF5RVhve7iRkv7YfLMBszyen,STK,2026-09-06T15:47:39+00:00,False,FEeGPGSzj727L3qu5ToZdEbcLPL4HNXcHXX3fmHSektX,2958.900280477605,4720.514099289855
HtnAURS7rrWAE7ihyW6eFSzCut1RYEfJJZLomTW3Ys4s,JUDE,2026-09-06T15:48:15+00:00,False,95X553C8R9o9qxpT6q7TKUq7wE25ADqUYws4uxNyTkBb,2957.5023305076234,4480.4827146173675
DEh2oQEuxnbSKiGRqH4s4ZdhdYyZLXWnmRzP9X1osDAU,SolMan,2026-09-06T16:12:51+00:00,False,7AfZK2p3m59d8AgtQMmVGvxbBMWT4Ec7YtTrYohHuhhb,2961.3647704354335,12835.82230787414
H8sAxJP46HYq9DtEjnYS3sAT7h8NChBqA4CXFAgnqF7u,EOS,2026-09-06T16:15:11+00:00,True,96LmtpMQG6Rq3pDcUtzqnzRTAdFTzQS8JZi8N1wip8Hu,2802.6859915076066,49183.6503650205
9zo4vQzRe2Up7jy1KHSzbtKpeVCMhnBM6VvpWR8p9o2,Memeworld,2026-09-06T16:25:44+00:00,False,6gdreyrjgxsy4NYqAL7LtDHgfRNdUB7ZmSfjjk5z9zvL,2985.8146181820075,5789.209891945628
BxC5JStvjusqcAEnvaUt16JKzbpPDKFFBUo2UerB2nEm,up,2026-09-06T16:28:40+00:00,False,5a3gWyCXeGzkp8bJGHYVXzF93KHusgP3e8THXmP43aPB,2936.1903084297855,5781.989918401866
Gyxr9JXcL2p176bbszat7ZnHpb77q1b4RdQ4fx92W6RM,up,2026-09-06T16:28:43+00:00,False,EdPE3uAiGpPeSqtigaHuok8XV4mDVEsYDJ22g7WHBzhm,2962.1701797143814,5843.03235382646
7nv2fstkaJ7EmPGJxg8Jnzzwci5WVb5pePiSAEeCk3A1,DOG,2026-09-06T16:32:24+00:00,False,GDkdMpyKwjnAk3tpPzjXWLDYmN52S2eL11xzz4B6hj4x,2942.37462711806,6459.367447940251
C4Zrv5QP1mVqfBNVFqRG2hCnL45mUM2nLAksdufWiWmV,GIGADOG,2026-09-06T16:41:10+00:00,False,CwD2QALbqPJaR6N5T6689pQRy8KFnwVzAgczzsMkvsBz,2971.006138665031,4651.131082929041
DhFpno2JPmtKRJatJPALcoH4a7NzMeBL5xHgsJZGb8bs,MEMEWORLD,2026-09-06T16:59:06+00:00,False,FfQSjGk7h1DZG8rp3QyByTu4yN3HQv4Pzg5MmPugmocz,2870.6120129343426,8777.955418410222
2wxUFCQ5S14ptBZ3oPKpHtCQEqGRCr98rbRpENULQatj,tuly,2026-09-06T17:02:41+00:00,False,FV2PcF5bQ2654R2juhiXxGwWf7BWyh7HRqPEXagQ2e5b,2954.1472523729944,4846.759971135517
BxoxzMMwCRonEYAFfma67cjShuoAD6xdaVb4SeqhwH89,scam,2026-09-06T17:10:58+00:00,False,9ShkocSerxb48BaUvWhPfzWGiMRNwDEFHwijVVqTRkRV,2959.179870017894,4033.16956005192
81A5FxPcoGn5v9A8H2dQqPDbE2DbCrkWPKbdYTj62geL,XLANA,2026-09-06T17:17:52+00:00,False,EPg1UNAoDSnVoiyBGpe1qZjkoaPqFwfjCeXAn3EDxTyV,2965.741454386956,7530.98831767079
6jLjroViC3WxxnzqcAEpNvTHPuZDYu6vSNzm951kWYSb,AMERIICA,2026-09-06T17:48:09+00:00,False,HJazJvSZDfrRAc8WZ8BYcgZRYebXAw4HtKX75zps6rZj,2957.218118167983,6213.672290928698
DB2HpxkphPce8EA7bX4ZwE1Vv2RB2wnMiPwMWq2UsH42,McDonald,2026-09-06T17:49:25+00:00,False,AZazrYEarx7F8jcEqjd7SUa1zFLnwZdtkdYEhSuViuR7,2969.2255190001824,5828.3173894199135
9uhWXqy5QKFB2GmAep3V5kazQ59NPPFBJdY4Dn5fktk7,wif,2026-09-06T18:01:43+00:00,False,2BXiBUng6TjqLztWCuWSsRxEhmWNoQfL3ThtoG9FEA42,2971.496750620782,6580.536915887988
49c53qrr6Va8tsHwJmT2teRDToV7cE8gw3AtsnaGADt5,EVE,2026-09-06T18:13:01+00:00,False,AjDsTS97x5wEZG3zjivVrr82LNsPBfqFgnEbgFJmkoLo,2975.765509504342,9702.278109500374
GujqQMMtJJd4XJM2VGd446iTgx9GcQvYRXGwSuS7Jpw,1000x,2026-09-06T18:16:00+00:00,False,E9QLEWDz8d5e3SccfcQAvv3a7nANnxVcPu9zczDGRnxp,2973.4456461922687,5201.988253133708
Fi2oinc3hnEfisWdvh43ScWVECdvgHo5GwUotZgB5N7h,💚🤍,2026-09-06T18:16:57+00:00,False,J1AGzA2m8ZJCVEa8SpRsFXXPn9kCxhs6B1QpRLeRTUzW,2975.6756761716215,4095.2031788421573
He8tRwMCndqKvqn8kGRZ5ASFpcpZwTbxUuWr6q6YxhkQ,Solanabeach,2026-09-06T18:19:57+00:00,False,6aRKoQkMF2Dwdp5Q8Bx3ku8FGPakyVZocPGoyo2qBAMP,2971.202237907959,6040.03944431848
8noJXErc6kUxHYUHDjkZwfixtXsukDYs973kryq83bCn,MIAMI,2026-09-06T18:27:28+00:00,False,2d7NQ811pqsT24yh5uV2j5SSR3tg2d2pF6ZVgqxjGfjV,2958.9765709602707,5972.9721006729105
5urkbXfppuZC8j67qE8X1HTtzgemXv5VxxCPNPFhkenc,USM,2026-09-06T18:36:51+00:00,False,BD2ohj4Ajsecv7LpywPEc29iU4KdEEiBhvP43NB8S1tN,2978.191987073998,4302.603027541828
FNgB2cxpaVkcXtZgZiu6YTNF3QevjuSQGsgZRYv9R8aZ,AFD,2026-09-06T18:40:22+00:00,False,EyAc8mjCNF7wfHJcuZeuWQbKjX6jj29UwfAHXdcGLdGp,2979.629078147783,4076.6436736061996
DLGTXZAUjKexYJzRdN9hTYJWHnQsRAES21WeVwQKMHir,wif,2026-09-06T18:40:44+00:00,False,13LtyK44AYeMt8cE2nvN7kzvnhojqmQRMNVQCw4msjeU,2903.123037749608,6004.7851268894165
HcLStPPkZj6nZ6bgKLQo8UxCGjQXg358BEvvFup571Me,HULKNALD,2026-09-06T18:41:13+00:00,False,8tAZT6dqjfFaaiNmwZV2rxUxcQtBrdHPR8GcYKYtrC8W,2975.6756767667566,5807.685116583968
4SEAeMgEesseN5n9KyRH63AvgX4ULmPXpTikgRbYqgpR,TWNSA,2026-09-06T18:41:58+00:00,False,9Be6vftyoXWEsvd915jUNKSEVbq2iYkqTW6Agsi9xz3P,2966.0814537023375,5886.520135057701
EZd2PUoLzYyFFfBJQLihLZHMQ8EveZgYb96ojsLpNSAi,STICKMEN,2026-09-06T18:55:04+00:00,False,5wwW5bYGeAsJbiHGTQCJoCaKvgEGLP3EY69jVFxGyugj,2978.009410742877,7355.3216073039275
HS1MpkAaSU1rtb4ahzUnEMzcndSjYLqb5KjRJFVc3Pr1,stickmen,2026-09-06T19:04:35+00:00,False,2P87FQoDc1LB6CsUNZtZUes3P9JPtJT6fH2oZwveQZkJ,2959.1798729770735,4368.554403371136
Gy46PufrkiMhXebkwCTf7nsrf5nDQgzJCspWto3QhpYo,NIKE,2026-09-06T20:29:23+00:00,False,FnH6nYCpeknaCVT3hVAKeY5jcftVfphiqPJMqj6MkDYB,2875.601226517126,6518.2492795379685
8wE5t5rCpCsTcmsjdWPKD7Fmay7cN7aErtXwH7Xp9KvU,FOREVER,2026-09-06T20:45:52+00:00,False,8NWxswiu7wruWAgY47F9HAZjjcQgSZ1B2vGwZvqo9ZqP,2955.221649054498,5678.28624199809
EYwjJdvafZPMxP2EL2epABt79q8nvBUEJ7hjvrXqz8co,ASSTRA,2026-09-06T20:48:15+00:00,False,C7ybk9NofvjgdqFrjFkLc4TgPtaTHABFziMvJcjnjp1N,2954.706431159441,4041.0896405307417
BDvF7LPYUWJnMayGVJ4C3iRNKKi2Ewzx5firesGk7Qw7,SOLANA,2026-09-06T20:55:34+00:00,False,AwefQ9ccQD5F4tPZYaE9dq1Z65zWrX7PmBN1gYPH6YQD,2955.3578757075675,5943.47715976111
AXfomUjsppjx5ac7PXVf6BKvCbpvrC6GmSRi4Q8mmxN2,nAIke,2026-09-06T21:06:23+00:00,False,7XtqJmAniGkDfxCUQU5w6Xv2VYnVXdVVPXH3MNm6pjMF,2883.150201568667,4726.097442822093
AvaVGcnUP94pcJkbACHKquMokUin83NN3msP8TbmjCHb,utility,2026-09-06T21:21:34+00:00,False,3deJbn2EKW2qLJPziFAYs6JxhvkDi5WTjXQuow2GydLa,2965.6104392104753,5180.159185315871
BVNGVBrfzH1UiuohZWnbYhiThkyx6rnaTehFCDBW4H6z,JUSTICE,2026-09-06T21:30:57+00:00,False,Sp56t6Dvngyv9qCq1UUMeSTHXyYwsqTzGcboKuiZ7fr,2967.008388390345,5809.432864116565
7X5FyMLsXpPmA8fcyotVyzEteQwzpEa9B5zhgozRtZND,Nike,2026-09-06T21:31:06+00:00,False,3DfRas9ns9NqMHbG71CGRjeNnPbvNPMwAborrpnos8jE,2939.927241574049,16359.593617227445
FdhqaYDtLz2yT65bcxoyQFF9bUusAXNypUnd4Re1prBA,J*B,2026-09-06T21:34:34+00:00,False,SW5X9NZXEFVRAYtzxRLLhAAWfQTeR4uuy1MihmY3ZzR,2964.049258423279,5287.275379146287
Eu78VbmHZmuPGy9Rr5qBgjA37BBt5vNJ6JBFiAXD3o7p,bullish,2026-09-07T00:22:35+00:00,False,5cEorTswwoiQnrVpHhX1tX538AXtWqdamur8idHjj4Z9,2974.5778695640797,4647.530359777338
33Kb4hZD2onufkgHvLXyK6z8RHKzsX47p6Fmizi7QeEi,QQQ,2026-09-07T00:30:50+00:00,False,AVobji2CM1BijEewoHsKYSKFK2JomMaA9hdJhLjVozej,2970.761274938807,6564.4933892466
5f1Yv8FDgH7LUAR6RCi3wfMoKiG5U775v8dSVyCkL2R1,DGM,2026-09-07T00:36:32+00:00,False,B481HyLCzuWCs2Pt1ELrqQBQsCvhqGEBMwMUv5a9xMQX,2964.4255032563938,4048.545072469036
5Bkn9wdmihvUD7xWu1tsduCkHybTx5hZSP5kxKgydJDF,THREADGUY,2026-09-07T00:46:21+00:00,False,6N5BaEquAWHQUT14oGFxfHkKyMPRy9wQ6JN2M6U8ezX8,2965.600178105094,6386.986826622528
BaNGAWYKpSxSRo25dF9rmZAhsEDYdXTopCX9Kc6ZZkG2,THREADGUY,2026-09-07T00:46:28+00:00,False,DSLuCK68fojzzmoghJT6qnipizCjXGmNaQJQLwqAFKi3,2965.3308484848462,4421.715740642088
CEHEovVBGgJ4PkvFiU4V88TCBtT2jW41i71oXDGcuM9S,PANKO,2026-09-07T00:46:59+00:00,False,9ySxen64qWSt6zhRoSGfrugB2uE8u89w25uzkug2wpmd,2963.932899206039,5225.690138711149
8ix5Eu3Xytr5J6B9MeH2EXbVPzYTFbwnipa8JczEozg2,stockmemes,2026-09-07T00:55:03+00:00,False,AbUUMJsmx93b7nvQRSyCW1e9e89nSiorCHWmjkSW6nGw,2941.585513384469,6557.414751153355
8VMRff5GoJnZrn48ZKZMyWY2Q2hJDsuJfd6rFe7f1kik,ape,2026-09-07T01:11:23+00:00,False,FJgoDiK78i5XQ8qfsjCqMGYs5dz1bsGYg3GaEg4e3DfE,2907.338962293737,10358.758581016576
CCn9VimrnQ8TGEfZEJN5gGiq49caeygs9aqXXRntSz64,SILK,2026-09-07T11:22:43+00:00,False,71h4cXfoTNLnM4X81dGEFuG6qkrXjHUV68PiU316SN9b,2932.059646634632,4410.763133970337
56qZvVkdtRzTJuTaVsGM5y3jxmDnqwWawiSS3UYux2Aw,Cutecat,2026-09-07T11:47:06+00:00,False,CkRAQrWUftuFsxACEDH6iGTjSnmF4AT6yaVmhsXGDnzh,2938.5232865161297,8170.9391870243535
FSPoiVWxSY75Ldob2Je2cLnMR5Vtb9zEazcmuaaHhTXT,Pairless,2026-09-07T11:56:32+00:00,False,4gdcoCWvWPM4Gv7N6w6AEw4weYEdN3aWr5qzpjGF2sXj,2958.5564474840303,7548.437566192227
7GCoswfWwwZgfK9azxoqLah2zEauNnUucGCjT1B2rX9L,FlyingGuy,2026-09-07T12:06:10+00:00,False,6gTQM1SduSN2EXPHeArVaMyheBiWioxS4E2ew9CZMYdE,2945.816824435212,4929.699259812761
4pgMLsqPyMur5eLyKPQ62vNrXWNgAoSPGLMbuRH3Q5Jb,FIX6900,2026-09-07T12:07:08+00:00,False,FR7CVn5hjChERGq4AZKzd8RhyDgwq72ZHzdBdjL7VTsM,2935.9739062116773,5354.257096163488
GvXGN2tKbmsSUZ2gARDebHkef9JRjNCwh4t8JPmb2DBo,PUMP,2026-09-07T12:08:49+00:00,True,5kGEfPsHi4pJ2nJBujNfBfB5pvrghpcv9YYgo38uJ7Az,5237.2122930748565,43588.4047587476
3sENhVjkuYFTJNZMYSorDLtEN9TgL3gmq1FnmDeh1vcJ,MMD,2026-09-07T12:16:22+00:00,False,HQZqFcBBrtoBNM5aat58vVK9nBgSpQTm8Upanawi7aEc,2942.37484972256,10095.159807053042
7fto7tv31JBr9d8vH7UUCQW5iPmQiLCqaBexuKm6RVtr,SOLLIFE,2026-09-07T12:16:44+00:00,False,GMrtBHn7ZaERUKcYvpuHhc6UJXjhH3S1Coj4R7nsZRS,2939.528792352277,6863.482558486809
46rx3WM4NRAJaTFJUYjipCqChpUNLxH77KLheVgw1C4u,MMD,2026-09-07T12:19:33+00:00,False,5e2mPd3hTwMZrVnW5qAZdQSsgNaoEnhNxpyPgVPxsK2C,2945.563338063143,4109.290126808824
HBNy1z7k2BWYwnjJP1ucwx4ov6kft1hSk2JPpWP4LbV4,MMD,2026-09-07T12:20:31+00:00,False,9UNLzLLLu7anQu6fDzNeGYMkcTB739bkAAb3JBNafsC4,2916.4026112558995,4131.382538506268
3kjjKJUNxTghoC5xXEb2HJJq8dmPcJLQWwksddWsNsjw,PEEPEEPOOPOO,2026-09-07T12:27:28+00:00,False,7DumkkpGaeTApkrrbhATUcWapxHvh8PdkGbCGnkSgmxV,2943.243246775135,5695.081401285844
6cZC4oc1JNn9vWJHzFJ1rpHuL8nL1Gn1L2YcZ18zaZLY,NDAQ,2026-09-07T12:35:14+00:00,False,35gvERU7wrjd2XKou8wM35BnHdZX26r3oN6tFFTUEcoK,2949.734177940842,4740.202358817649
3LkqA1QAjL3tnGFtHPaKVJSubebTZE11vznVK1sdu2Fh,NDAQ,2026-09-07T12:35:32+00:00,False,6CMskbzt8BpkduqDhb7Z25tM7MbvDp8DwmnTTjHPDmie,2958.5760585337102,7279.74921640899
4SbxctA31w2FwkA9wVozUnXyG4Hu6EArKtG3prHsmmaT,NDAQ,2026-09-07T12:36:07+00:00,False,HcSHCiVU5Nd5bJvnHozwJ4kL4f3WA2MLWGkKZ84CYvFR,2911.783193285527,10348.534947539596
8rbAfE7a14XVZcWxbAFnPQ5G1xqQdXkDekUxgdPTCCjs,GOLD,2026-09-07T12:54:07+00:00,False,21FfMp3fvSc7ThfrN4z2FaXZFQqE21oDbxKWhVYtzQrQ,2957.6169639582945,5666.492764547202
4KPxc5AsU4xrYAhuPcyAHXhxYV6h3YdyuYpwws4poZHe,GOLD,2026-09-07T12:54:21+00:00,False,HN2cKD9NeLxM5wBUVGJm5a64Y75j7tiNJkRJ5iHEMUn5,2961.5590135167017,12653.444818957534
HpqMkmbqpavAKEwCgfmR636Jd623QDHrvDo7pM73g2sC,ELLIE,2026-09-07T13:02:21+00:00,False,ChorGE7NCM2HRHZaWEhKbS2keu4Uw8hqWFV8oyiVWxmD,2894.610191268668,6755.649490036785
6ZXXXCcvGYJ1AWtUJ4nip537EMcbbyn5oecmzjme9AkY,PUMPFOLIO,2026-09-07T13:07:12+00:00,False,BpigmzAk2ST2b9M41PhQHgpp4xyLMHe4DxjBo4jHZnpy,2945.629535429304,15626.118114813893
716dcGVABREZEJnE6j3PhLiPqXHVcmZmfcQkTiwJyeiY,FIX6900,2026-09-07T13:20:22+00:00,False,CpFAnQoxfee784B8skMPp9nuoVGmt8Du4D13Bow2GPFq,2943.028055958688,4729.7806066894545
33ri4Q7TdrW6GRdTWj87FKAzEDVBWfmrk1RLeJHqQw5P,bruv,2026-09-07T13:30:03+00:00,False,DPGUToQTEpBbrRs1CAcm8xdg2JTDRkWn4KANhxkXpZmt,2954.1472514867473,5149.594349835669
HfQsS1pvtsohnAie2bPe8ec32CV4LK4cajHVU3k93tdH,CA,2026-09-07T13:36:16+00:00,False,ErBidVCw8ywY6iQaW3MjS7gv3exdnWTeFzXkAgaDg7av,2941.8452943539264,5122.03505963027
C2yjMCAed2QahzZJBsTEvmc3R8QmRyEfMx4fnCqPTrkF,BILLY,2026-09-07T13:38:51+00:00,False,9eDAjY2krpRNZxgSvgi7dSZN71abVgC5sLj7JD3rvjng,2939.382133882501,4055.5097999203344
3XnzsikcwpV2PAQxqPR6TTznb3VFhbkSZajpiYYgxV8k,BILLY,2026-09-07T13:48:29+00:00,False,2UXhP3behHmgoWdMJFyoZ4mV7kNCJ8LDn1bQpzwZdP4C,2874.2659908479473,8382.937178392147
5Bk2d1eJe8V2dCQRXhHuDfB5iwntvNPdQZRqjWV272QF,PUMPSTOCKS,2026-09-07T13:49:59+00:00,False,Dr172q1LzNsZhknQsErjnhDMkDhn5yhu7hCh75UqsG5B,2885.6862944281565,6590.910541844311
82iLWzkq354af7RXVRmweS4xraQAfssuMYvxTkqDVNT4,PONZI,2026-09-07T13:50:44+00:00,False,6cAZH9EFPpNAxnCVZg8axrhh5AhFudA8QHWAKDW6DyJL,2900.6906372961193,14279.89534065725
6CagTVesNDRq3NBDoC1mGAEwmRpwUzSQ81nY5TpUTqu6,50,2026-09-07T13:51:18+00:00,False,29AXi4SM3HJK4fQtHiRB2CW8eVfZXx2J4qstHkxDZvzz,2890.975494754152,10485.205609779445
Bb5W3eZe2uqUWDLT3TrThXB4SKfQ9zG7Ests1DSumMEd,PumpCoin,2026-09-07T13:52:37+00:00,False,6RV8KTMKYHVtKeqFW1XaqxqJpy14dYVBxc5mY8UqNCJo,2931.5004672535415,4671.264756797698
7JAGfDZF6w7QpPP32NqdfvEG9R5fw85NZ3sk5nFiMSto,TULY,2026-09-07T14:05:28+00:00,False,AJzii8Bw5azTFypMhbPSLEu16pBjipMeLRKmPdjFjBow,2926.2660253175573,29909.807381731676
3JTRFN6xpHeHbWQ6JywxmmfrFyJ69nV9W56AAxSYGSFK,Crap,2026-09-07T14:07:32+00:00,False,5pXhmnfJhc9ZPt2W3qtsHHxMrgd3jYQPFws76rPsiNVu,2892.342511827953,4623.301868480444
EsyzfPGL3dTW93xTSaiFxmnyRb2cSEVykRdfSfypDPNp,ZSKRUMP,2026-09-07T14:11:11+00:00,False,8ScMyxCyY2B1VAqz7KweK7z4uAppPh8Es4zKPSkeAnyF,2892.34251163513,4680.599372894286
APFD9UMPZzi4vHNfXAA4Z76fwJQ2pSBWEyK1qXep87tF,ELON,2026-09-07T14:11:36+00:00,False,92oqnynW2CevE3AcKX1nBT7Rd5e6NpU5CDBJFP8RGGGG,2911.0904055003543,8667.989060682934
E1jYBKsG26eeUmv5eMBiDxN17incYPYWtqm9SQjsr1CQ,ELON,2026-09-07T14:12:32+00:00,True,Bae81WcjeH9j1cQT6nR554NaCtKx8ahj5Z1uwHiRfXYi,4410.010885966354,146428.6654877206
623Uig7xcsVaKLojehb8NFtNrBkn3Sw43RVA2NrdXfdJ,CIRCLEJERK,2026-09-07T14:18:11+00:00,False,F1jkqvMWt54N524R52Rq8yNQK1qBJWXofnkepQAbRgcL,2897.225570337441,15193.93854264104
5F4r555xcoDsW3S3CUZd84kE8j6KEdTgMFJnRkr98DcT,Bag,2026-09-07T14:20:04+00:00,False,9uetriDyDBu5pmAHNr4tmKrJ97uzpHDDCnoYNofhwPcL,2884.8214956434704,3989.159844992026
DvzuqcxihcGSz7ZpYvYoxrnUBMpXpTcb9eGUVrfD5kvf,NVDA,2026-09-07T14:23:41+00:00,False,J3E4jpzmkBgCJtSUTrQCEhCuk1mUt9KtYx8Aa3rbTGPb,2884.8214956434704,3992.0626335452803
GbGEjff9Zqpu9cBktgQF6qHjZEt4fgckVSDbmQVPL5Ty,DANGER,2026-09-07T14:27:00+00:00,False,CBxFqKQUMNBKpnXXQaRVUffAoPFrbFyNVpc79XBYQyqD,2912.03426674887,4907.772475172484
96emCATjVGhoSdKxLy8x3qG1DXDm8yY7T1aoohT4p4dG,Stonks,2026-09-07T14:33:28+00:00,False,EjLTiSdruKnBxgCHASvSScJddPqn4Mfwx273SSi4eH5,2892.2524059404695,3979.7337427208035
6ZNwak64QukHwvm6ztNxN9DQGTMJczhYzA61i2LeMnEd,SOL,2026-09-07T14:35:15+00:00,False,C2AzpKynmM3iZKeYzSWFwvZFmVrYiYWDteV2pQBLm5q2,2915.2647062321316,4605.073640096107
4dn7darW37KHgWkKkyjMB3HT3dfmF7CDLaGWeX8BCWW9,GASLESS,2026-09-07T14:35:25+00:00,False,63fr3sncgkLhcJNCcLpAwJ6c6YCZBt9jqjbVn4tEg3yX,2912.2087643675864,6234.384728676921
68dsBrPRZTJSPM4Z3xEoRsHHZ1e2JTyZiaM1P7FiFEkR,GASLESS,2026-09-07T14:37:23+00:00,False,3JEmNh9miTwhsuWQ9mbtLA4ywA9vbmWYEzN3n4dYBwtn,2914.7250705775864,3955.179198663843
D6qVKag8nQgpmHuv2ewGekN2knSwZSDm2KD4enqCZw3G,GASLESS,2026-09-07T14:37:41+00:00,False,CmEZPP5cDVuz9Qi3Gdymr95VRcLTfF2osyYKqN36mEqL,2915.1504004867816,29286.59282231706
6gKx5EMvnymTVz2JgFhJAqpGxTYaBdVsaLb9YfPfvg4Y,AMERICACOIN,2026-09-07T14:45:59+00:00,False,6nurCrL7rbAGWx6DsSMdrc7k5As9grLs9kLvoQg8yAk7,3798.6208118214713,37645.29323831751
AzMuFQ595HAz3QvH59iHNJidKDkCroS6fmevqupjgvFQ,so,2026-09-07T15:02:58+00:00,False,FnaAd1m7w8MWaid2x53J89JheyH3ADcZggjxBo5hP6sZ,2921.4086205637377,5728.722276529761
CJ7sinP522UwJatMSEm34MrsP9pbLuhi7RKAaoRjNoEX,LAPTOP,2026-09-07T15:08:48+00:00,False,BaeYCQSccZv98x93DrPCHgUfAZUXt87utCCCQ2wUvfcq,2903.2952785786706,21960.273990011436
HtAhBSYaiALdTtSH9SXvZzgYpGkJqUJYvkrXHeinHFrP,LAPTOP,2026-09-07T15:09:37+00:00,False,HTeP1n1o9nnnpr4mVcnFRrbYfhNwc6SbUGqQw7jByRu8,2919.161687579622,10959.775522513934
8Rt4cnQhQygZojNCyiksW5ZDdSB6CGkBEZV1ALXJ2onW,LAPTOP,2026-09-07T15:15:43+00:00,False,F7bW4x5UW75PcMXAXF4FzE9mANwRcW7guKffJwaW24xc,2913.088249695682,4814.382566244863
9WxHjBfvzamu1zAdP1UhfVphd1kBYPoPebpDoPnFa1DQ,Final,2026-09-07T15:33:25+00:00,False,G5FhZkhk9m6MmKvsVT2JFzC6bEXdfEoRva1KvRWxjJJS,2899.9068041283876,3966.328227911477
AGK4Jynrws47RdH3WcbxTE79AaZJFxHC2CRs4yyu9uqy,5B,2026-09-07T15:38:48+00:00,False,9URw5qtDaeRG49aFZRvb9yhci8DN7GVBgDcGnvveF629,2893.822370054964,4309.953601525875
BqAP1N3oeLJHgBcXKCYPisn33fPwydMsZ4xyMCMs6uNk,LAPTOP,2026-09-07T15:40:08+00:00,False,94UkdweEiigY8J9mjfF46DDYUyA665785EvFYRyzxaFY,2876.3696652085555,12257.319973542884
Bz29XCBE5hxn3a9pd2dNx6QJ14rV1Ae4hA9NVbKHUGay,LAPTOP,2026-09-07T15:40:25+00:00,False,DGNCMrJRLoPNUT1M6omo3DXy6oAJah4hmp7vrk9YvPJd,2894.9408345371285,4785.812569247255
4aJ8jML5NGLP7KFCXTwUBWgfQZVBnH6aF9U2im1qD7pw,PumpSquad,2026-09-07T15:42:17+00:00,False,EWg3hsr3SDQGCncs5RUCcQrFVApznzax8ERhFZ5MADLg,2938.9169460312273,24114.28105722466
478pXVmihQSRURpCa7GWd6y1oagH6uHaU57sUAtVeFkc,NASA,2026-09-07T15:44:33+00:00,False,41C4y7FaZzqF1LeHE5oxoWW9R7qyPx2tqbFA5Ps6CwDg,2887.385073702443,5692.112965898475
7Uz5isGTQbpJTzmCnAgWB6K73WfJVngwspQ23uzGsHge,FOMO,2026-09-07T16:35:27+00:00,False,6Xs4rKrsK2FyrAUjZZrJqwLp5o1DANQf7VbqiWczWfwM,2899.8679152270206,3431.938719896413
CgkHkrFch2bwNm4nxzqFGMeebrKCEsuSyKpWBiYfzdTa,Sexlaptop,2026-09-07T16:38:38+00:00,False,EWmC5zgWVjyVRKdgfFQ3FxCZwhWyyh6xLNEFGCsCn37c,2965.61521767808,16843.86940050131
HLGZwxowb5uCUVgAAvi9gDYikgXsZjHrpeR51vHKYLAD,Sexlaptop,2026-09-07T16:39:10+00:00,False,9YHsWbHGPpXCUmGMpRSbc2jRXgQ8ieStJLZNwiFxmvcH,2883.9080439689606,4797.289236269535
42ZnQd6wsCKnTY5QjXcFcR9KvNGfwXRfQhv9g7yc9er4,CRIME,2026-09-07T17:02:25+00:00,False,ApGjyUaGsKNvRS7krKhUs6Ny4mvNLzQqVSmxHQmB9Sf,2904.6598336983716,5075.989961990526
6geMYfo5JiEZiRnrF17CDSSfhZNM5dd9Sqk9h6V7Q1e3,NEON,2026-09-07T17:17:19+00:00,False,4JoDmxftn4jXJ6M5yGhQPz1LTkb6saWwqWnDfwNejVDo,2909.692452235641,6815.130738551055
2zCeyKe4ddGuM6DG7i99pAHsGq2zzixeRgpd8TDD7XmH,N3ON,2026-09-07T17:18:25+00:00,False,CSYDhL16SnK7WCZ4TAsDfSiGUbKqTU9Diafc2ui1QG4Y,2930.231954288105,30523.801107765274
D7MXCm83ykFmtu86MixHUxZZtqzJp6kjCLkUUqQs2E1Y,PENNY,2026-09-07T17:19:22+00:00,False,EbfEGbE8pxmEnF7WwgJhipVLwUwy2gqDQev7nQaA77Zd,2911.510274435452,5736.5791281054735
3Vk8BW43UrQCpTqY6uYgsjDRhjtzoQY6NkRvRkVHkZ8p,ZDENG,2026-09-07T17:44:13+00:00,False,HcFaWjzLbMaNioa5cnmVeUNmAhxvMSswaa6113NTikwm,2905.635606154795,13198.393107937973
EQm8wNW9YUWW5jknx6n55FdCBXuUPrSPPisjCE3sWkmH,ZARDIGRADE,2026-09-07T17:44:21+00:00,False,E4arGVPm93a4KnDT4CckcTn49FfjnNaJm2FWvzGLNJB9,2905.635607898176,8785.371065474847
DLoXo2LBS9joAXGuFtZqY8ABtUsjxfRCmpoaNDf1oQ8a,ZARDIGRADE,2026-09-07T17:44:41+00:00,False,2h5BApA5Ap6fT4VezmaaLy3VuhPzAn1PQD4C6ktH67ZK,2903.0123158666656,10659.562805017564
9Cdtp8V9EyvD9murR4py5REq3h7QMHYnBzRc5rR7qAH,HOUSE,2026-09-07T17:50:36+00:00,False,AhjtcUmucfuLy93VuEfc8FWHeSbKsSigTLnYnUDkGMnv,2912.132987991455,6232.909338835244
BzujFzudLqEraxE9cyVXhp5qbtdALkWFbmB76AdstJCV,BIPOLAR,2026-09-07T17:58:29+00:00,False,DbvEdYLRCkpLGMeJVdrRQhB9d2MFidYBvLgex3k5nxVH,2908.8536830127864,6127.626592984534
9eGmxekJeukjkMZbEbdgHpKJSkv9cyLiwohKYEqGjQKB,OTC,2026-09-07T18:14:23+00:00,False,G7Fn2NM1f1r8cJzjN4uScbegNQuYuRawBKRofaEpE7HH,3046.0082209615694,5398.380351392023
DVqW7YiFwgSrWQxoMksM1zvjjPjmctygyUeB8bZGgKxb,HENTER,2026-09-07T18:17:05+00:00,False,DbZhtgRYF7d2KDVppFEGymesd7aqg7YVjWqwM3Gbnsz1,2904.659833795191,5812.711309454336
Ej6c3nPw1Nn9wjzMXHGNjJeibD5HynAyMdZ8MXD5aRpL,bidenomics,2026-09-07T18:18:33+00:00,False,45P3JN8gyKejjML5YXwJHyEZ7H57jDmBaUxNqMr6rZh7,2904.4666467981074,5577.8052151739985
8WfjgKhK82WQdCeHXvyALeyZ8pgccgUyx9AWYT86P2B5,PUMPCAT,2026-09-07T18:25:16+00:00,False,A9cmtQPuL1rKHwCa5HYT5PTEPddqKUqxjAFgiQ5r7tb6,2902.702708217838,4356.848677328433
2JCmsjGKTfsxZTzFbTMn6aak5jzFVY1sRydyb3V4fYoe,SOL,2026-09-07T18:36:47+00:00,False,GYHXeQA41GePBwPL9b1euqAqu74JwNiuAgNpdytoKQWs,2900.465988020506,5063.081040254436
85Z64h7uMjRAsZBrp6v7BhfoShAyTXuk4aRux8MNaqeK,Godzilla,2026-09-07T18:42:20+00:00,False,6NxdYRc5t1f8ksX6irMMqguMQG56VFazqrZnFFbFXNq2,2903.012314124858,4613.256182223476
H3UmdT9aknZDqHy2f1mcZgaWZiqZPEoLXBYyCGUbcmgN,Shitcoin,2026-09-07T18:43:57+00:00,False,EBkzvA43PRsaX3SWA1wF79TbqggRjRc258SQDaDi2h47,2902.4231132516775,4565.487377954541
8FLbXuQC2JwBgRbsXjBku59Bx8H3C2qkje5jm8aG4XfQ,Fun,2026-09-07T18:45:05+00:00,False,BPntNguApv14ZnSopv7bcLFq5VqizV2EVGjr4ZNHLtEb,2903.1869437653672,8529.934051584305
H1Fg2LHtxQdR3PFPJ4gmqPqq9ZaExsVJg5ByHsfD1knw,Fun,2026-09-07T18:45:09+00:00,False,CFgaQGK7JCwKdwzq8WBUue2LXk4vsmikSJTxMgnsHoz4,2906.3373735984155,10006.090975810728
BJFerqGEPucg54DgsggSAhKK2a2yZb1QbXeDVgG1JaWb,ELONCOIN,2026-09-07T18:53:16+00:00,False,B3eNeg6odCTeRa2XSfRJVnxgtSW8CmuRj1hLEubrHuCm,2910.761728986768,24513.70489375109
7JFU2HArMiMJANfQCk5Kdxiqx7H3LYBSr8eRtCCa6Svz,DOLLAR,2026-09-07T18:57:23+00:00,False,EV6a6WQFWbUwP3ut8VFc8SLcLNXMmFTFey1qcaaH5Ncs,2904.9394227617922,5677.443875407766
3uXUr5dg1gcdJxNytrW4zfLqEA2hc1BEZLKiQGAk8Ljf,memecoin,2026-09-07T19:00:55+00:00,False,7KyqbN3rV8sYj2PWHdct1SAFVz26rsyBDo9rucd5xffF,2911.0904020070457,5886.978757331312
8aQYsQQXw5ECsPQafKe67ybiftgvrHQ7DaxeeRYyRaGp,HOT,2026-09-07T19:04:53+00:00,False,HtawXggnki3QW28o427yhH5PBZcCPttTdjjB3qWwuTaf,2911.2722900872946,8134.838239862394
8QzjccgLD3EcTCf5sbEdgWxrvq8gME33gTEpegk89MLo,Fearless,2026-09-07T19:08:09+00:00,False,B96A6Ffnmgi1apNuz43zvA3zkgYjATKGv4hq88Apc6UX,2918.3597407031343,5141.35437900031
3PbeUUFLtmgoC62rbdZPWLv6Dpw2p9QNzHXNQgxBJdtu,Fearless,2026-09-07T19:08:23+00:00,False,6BgybFFBoDScGjp1vjx18hP5b5UY4ApcEU3HfJbxru9g,2928.574223389383,37763.74052540248
CwS2bid73UT6oN3pT3YiEHe3EGZDxxPxuXNjJXSLvQvA,Shit,2026-09-07T19:09:29+00:00,False,D5Fvn4PTa9WxNSP66LqBB7i6yFLdMRqKc3PMSvi1DP4D,2903.5414746362535,3998.8987050645032
AXyUgzRN8jAwM2VaVfxB7uhc9H1RxJfcie55R9trHQkc,Adam22,2026-09-07T19:10:07+00:00,False,AoUE2HKha8XV3wJAbQXwJPcN7UJYVASjnr6FNMnW64tL,2906.9846001393544,12626.940351489478
FuXECkjcsRxMVJBUcjSu4fxRZ7JRUL5Q1J99jJgRGc4E,bidet,2026-09-07T19:11:18+00:00,False,4yuBdXNfKnFbVe9ufjQ9NcttQLnxAyZp7Yhs9ML9zEae,2904.453637293132,3408.787446287901
CcHqLJYGYcYSu2C22aTzXyktYJG2Noq6riYHb34zSD7d,bidet,2026-09-07T19:11:21+00:00,False,58j28yA6WzjY2iZNe4u3DvQuLQ41x6sZbYh1PA6YKSNw,2922.7987087078877,6037.797689502581
CmcHpwZVSBY4PNQYdLiesonKheyn9baRbtz2c1MAW514,meme,2026-09-07T19:11:42+00:00,False,VEhHg97tAaWH8yTeoCayCja2AC5UvtGpbouXncuxprs,2905.5554456446175,6480.532849225356
DocP6qQh36nmUMUwepUqe5gnQZukbaGYHARmj2eKqA7p,shit,2026-09-07T19:19:31+00:00,False,52ar4QPzW9Tkb9vWSBie32kKUfjEUm3FTq4THPL6HQRx,2921.8132305099175,6544.391202426672
66KfWxgXTMbtbZJFvEnbGrw4y55Z2xkxTsTAAF4S37r4,PUMPFOLIO,2026-09-07T19:23:00+00:00,False,2KwZB5DCVbY6qTSQcDgHBqJ7iSQRAJu8v2W8a6xV6vTJ,2884.60462899168,4626.147691275728
9ZfzHtUwSPX3Vxh1TFaSBaMGVaeHjhaMKk2bXmUGHM4C,shitcoin,2026-09-07T19:23:34+00:00,True,2RNaxRXvZKJgATtHaJ7P8kjyNvgpASsdCDBa158nKLVD,2986.81660716006,51267.07183777119
C4toNXBRF2G2yb8RbCsKYPEnuEdYrwJen6YFizQudfL9,goybeam,2026-09-07T19:24:19+00:00,False,9rSZVQW7G25oniBZq1kQkvVEJYWpcMurPjuEkFPf3CW,2910.251631717353,4009.6783791617568
GGFvGhufWJHzYB5WxXNJh1NLVJhzC833TQa1MnN2r9Ba,RICKROLL,2026-09-07T19:24:59+00:00,False,3u7py8g7omVRsX3qVgsr4ptyZyL2AVPMdkTdrbj5GXzq,2906.689582186348,7056.0391642955665
FjiprKUPvtDVmSKrw3q3SjoYRshfWLUJFmQnYtRvKRGP,RICKROLL,2026-09-07T19:25:03+00:00,False,2uUJuBATD9CxjbS2EKLqSgtFEpgbd5gkjL9cwEey4tRu,2917.5209728433856,7675.786728286314
CGFr2hgGQvUPZDFEHGMX5kXGZs8i2vufy4wMGALxoZSC,PUMPFOLIO,2026-09-07T19:28:02+00:00,False,3hcayQr9pGEK8V9Z1fLgGiypqxDqx48Tiop2WbFfxh9U,2881.79748509858,4312.327004845715
De7isGAaHMjwJtten9fNYBJko1vvSLWZAPnvuQVPSuHt,bizness,2026-09-07T19:29:29+00:00,False,9u7bsxmqZd9ujLoukQx1Gvybf9HVtB5nZHbDC3STztAn,2914.445480837055,4007.9561239198674
BwMwGpAmNo5qsYmEar49gKzuM6Kiaqr47xShJ9v7HzVZ,om,2026-09-07T19:31:14+00:00,False,GpF8hWyVVHQPwZYPxaX57PfiYDuyhs6ABDqqAVMw8ChG,2949.5014713137402,5755.746366157337
HG9iYvJa5DVUc4FZoSzf6aQgVEKv3Xg5n9CefqxgmQnX,NYSE6900,2026-09-07T19:32:33+00:00,False,BHT8hNfCPyPieoYoULzp92WBAhs8mgAVgppw4X7GbCYy,2917.0820737645377,5747.123791275959
6MVzv2Mj6YSKL9AFXDK2iJNxmCC4okExSQzPNLJHnQhd,ROCK,2026-09-07T19:33:27+00:00,False,BTcQi1tv76KDST7UguS9L12qXNR3J4vRVs5crG7hFQT9,2884.8214955473095,3978.74226335653
AWduu4uUVCTGKeMu4UJ4C5xSr2ujvCgeYZpXhpr9DRgy,USEFUL,2026-09-07T19:35:09+00:00,False,4sJcuZsrKX453gWcnJQZG89cdWyu4EQjNgShodgqaqXw,2884.8563460221967,4705.425536559615
FBa2DkahNKnik8VpfUGF8fcuyttAPLLp1x5ugFyDEMoN,N3ON,2026-09-07T19:36:59+00:00,False,3LpLSztEHLUq73bNNvSLxsZmxWGtfpoYAPjFGXv89bM8,2879.2359168700978,4705.476188121816
7uSfLaN6Z9xZayqqnJMp5EXrNHTC5T4fBs7quV5jtVAy,EET,2026-09-07T19:38:17+00:00,False,8FxxQ4MqRQMifuNZJw7gAbQhiVvVrUURLAgMF6RWaoGP,2916.474154396494,4366.064619072097
CTu7nLSA22tbiyzD29swC5ef8o4gBVJ7uNzSM7c7Fo9w,PUMP,2026-09-07T19:38:55+00:00,False,GquWPYSyHPQ97pqZ4PVby47Qgwoc7LQ97GadYdvsNCuX,2888.8706485384237,3982.5586432455857
HCA3VBD9avWwps3dvzqDbPsgWHyzhycghFxDrrY2azpc,Pairless,2026-09-07T19:39:12+00:00,False,4zo3dj8XNQoiKf53yiGXMzUWWVpisxKSUrwaM6MpMvMC,2909.063643228789,22482.04376605655
9z3iHHmQ8H2HesTzpGGouqtmM2YBmScf2KuK6XCkk8Ap,QQQ1000,2026-09-07T19:43:46+00:00,False,CqLh15EZV8QaVJTPELAnNXkRGRFDgaMb1f87j1AaCdTq,2919.1720786163633,14682.0152650001
bMzFaBYuMaeFqarztPXGfhXMGcECcX3DYqYkFRTKfn3,YOURSELF,2026-09-07T19:45:48+00:00,False,79bzCfmuWTwLZ1UhLFYZrNko5Vn3mU5LFJgYko6f3bS,2918.359739633066,4702.545491619134
ECmAcus32oXczAPWjwyQaHzosxh1E3CYRLGEma8D8njL,Thesis,2026-09-07T19:46:34+00:00,False,FHjZJbQ3jaThmYZC6Lux3UKAxkVzuBoanuv4wXYPLYXj,2918.3597398276233,4703.46407474152
B246xfwgQ5qS9X8K2NmvZ2rRHgf6R38xSb7n2sUVtpe3,ENTEI,2026-09-07T19:58:04+00:00,False,8pLGSw27JLCBLobWN9Kfv4KeXaFP4y2Xh5j9QHUWy2wZ,2879.5301877826864,4204.101003549048
4Kd8C4mMoatQYg1boLXMG4sJpvjkSHpWFvuUaQE2wpQe,ENTEI,2026-09-07T19:58:21+00:00,False,8BXt1C9QCX19W5njM9qV1qRqTrwTdUJTCrsbPcv5E8rB,2910.5312239806153,7902.245665454157
38sVyEwF3wmSJeT8xJYdDCzG87jHRpFJ3S8MzNS93sNw,LPC,2026-09-07T20:12:35+00:00,False,5kM1XVGEV2KfruBdY5JXFK9BTF2p1nupReH3ZK2MkBa2,2878.3971418859796,4021.735034729179
93aN4n7ZtXggjFQLLoYowrgGyBJAqFNEzgr1NxwMsBtn,Lab,2026-09-07T20:15:52+00:00,False,76m83xYSJi5CgaS9WnaufuJ594Un92hAw4yWPRyELHuT,2906.3373725327588,3943.1152326853066
GkGPVfELAEtCff8jgAmehsf9kg3uU6Rw5cuTbjYeiVAC,pen,2026-09-07T20:18:45+00:00,False,7jjUgDXLdRnipJNjT35arHgFEx5B99ZTVWvKiReRii7j,2909.137745126049,4595.038298718191
3dWpn86y1fgKkNQGJ24DPtrBH5hGqYt6Y7VQGF9zxqVn,Bigfoot,2026-09-07T20:39:40+00:00,False,84PUcTBvthiNacxkLDenM4XtWnZJEFY99CJyHbquCWVF,2908.552342775723,4083.7510659597942
3CGTFujJTXVpJ9DvsKVRvqxkgaWvvWoqSCVoNsPMS5aN,📱📱📱,2026-09-07T20:40:14+00:00,False,36fvGt8fxknFTwbEic3ihh8K8oASoDCx7HiEFZiZ4x1M,2910.6001051339395,3974.1246696810463
Er1cGJNzAXvw57dgVCoNo5vCiQKZbxT1moFziAa6bqf3,John,2026-09-07T20:42:54+00:00,False,BCSbes3ghzR5Wepn2X1yf8PYw8SWZnGFTkF7Erup7boz,2909.133773026515,5978.452415861362
5nR958nFtM6XDkEeD7wQcRMQe36exJQgDWUWz4dZUFLe,NASDONALD,2026-09-07T20:51:55+00:00,False,ESbfzTUTbjW6JoVD2J75AfvAmzdt9QxRU8UxhYmopFw5,2909.238638926728,3978.763029406845
6PyfGHUcEuPFZqDfaypuwcBvXcWTEQCSRznUHRvcy8rn,pempfun,2026-09-07T20:53:47+00:00,False,5gp6zn72Tj42YUUAvLKt2abSx8YeSGKwyQUz3fMgpF3b,3004.0690305394824,13191.431090717851
7Z7exnCPhD88Jb9CbHje6BhNt4AdqNQAs9ckYkLJaECq,DOODLECAT,2026-09-07T20:59:14+00:00,False,9LuPDZGhWpF4zpejorbSqCKGqFq8oMWTtjWWDSTaYnek,2873.567644588297,4044.5284362220623
HC4G89yS3PqsTQbDkqZaJsTMYdYj2WV9QDEGH4oXZb65,DOODLECAT,2026-09-07T21:01:41+00:00,False,5cYnGvvRJjphEgsHU4ZRUHxpRz9BSr3kZLLcE9SkCKS,2910.531222234299,5402.6381957599515
DoZBpJ5fCfGQRu1MLbVKTHXnuF8abt3bKaaHCk7fRGoK,DOODLECAT,2026-09-07T21:02:53+00:00,False,Ap26JYHfcmMfMNkqisFa1w817ypWzeZ4AoHKcRop66gY,2900.2821866923055,4675.326738343169
CeRc2awvkfnTcAbZazDE1oedTMcp8gPW4cbFovaqf5Bg,Musk,2026-09-07T21:04:42+00:00,False,7CagzVPz85ctn1joM2zZDNkKUMhFsSjyRJDvqKvyw721,2884.0210127487294,24492.89443001077
HVnLcM3dtfyqhpXWdDvAfruqkFmSKAEkz3Z9WnRr7SPk,Bwalmart,2026-09-07T21:27:55+00:00,False,6Cp1RFE9xqBtq3Ynftwu7JSfpZMtBeRgezBCdQCAKuQw,2907.176142627959,5064.249969121585
5Zkw5tHdtJdyKdWcFxqSu3UKC4WUVwt3t5ePWjsZMykx,Operator,2026-09-07T21:38:06+00:00,False,3zWs6rfQCNaHPbetTndQj8DV5Xn4cWMTyotc91ruf34C,2887.6620449165043,13649.876058851718
8gVKYBBeNJ8Vq8VBhktexJ2ULzXaz1Qf8T4VFg5xXDou,CALLOUT,2026-09-07T21:39:33+00:00,False,FdqYehw8SGS1iqfxzxgQdgM1tDjTfHppNG6kW7wqzuHD,2885.0303319923755,6193.071123332326
H5kbqVwmRL8CrW4WVELLxVqHRZmcSQkn3v57yEGqmzb5,yourself,2026-09-07T21:39:52+00:00,False,GxuEmY842eJj4pFHqFY3yywydZ5LDnvHHcjMWRxT8dfd,2905.126971950011,6140.854781940951
Hc9CSbnKymBGtF48E51HR7oVxvZnnVrD9kHYnf2DrJsj,ZACH,2026-09-07T21:52:44+00:00,False,8dWkANSzKxyHvLZaqQJ3cUKpKL6o65P3uK4wneY91QH9,2879.7625824734355,4557.503498118048
A7e821LPaSXVqE2UGRRjy2SXLqEbEmFUi1D4Pjk3zNCs,ZACH,2026-09-07T21:52:52+00:00,False,4XQy2DWkkjoPVgn7SGFtNwVZFq27td2B17oeAfnvso9q,3085.1661659303445,6163.721484984705
FnemKUA29N2XdRR6fmRNuG17ghgQuM9PhQPjEfjcUJH2,STOCK,2026-09-07T22:10:42+00:00,False,J4EBFKEWfxqcBB6B4yfJTBEpeMbFSr1VCyXkacGxnyzs,3977.8822544859504,36824.77403440806
HgiCS4A7p9WXbqD8hPqC8PBRXVQnWuH8rrQXXomzF5L5,STOCK,2026-09-07T22:10:47+00:00,False,9XsmFKkZbn9YpUb4bgHmYJgBvQULdxod1HiJvrziFgqA,2900.759553719716,6867.9268536017
BQ4zeJHkVyFWgGaVHkaTkza6vGeZv68bwEtBGhCKRnKV,STOCK,2026-09-07T22:11:48+00:00,False,78WMiJv5fdhFccPAx5BV8Piyw1gSUwX7akKrr8Ug5bbP,2905.778196053381,12610.198663347473
6gktZfGL2nayr9WfYxu96276Pe5nGUQJGoEbH4QKPYBC,PONKS,2026-09-07T22:13:36+00:00,False,3ap59PNbZpuhTi5dy79EJteuWzzRHgmM16m8jKz78jwC,2905.908511894849,7414.812702755189
5gy5UjbvqFwQ13jbxwaqufo11CyCPtuYGugpPDFWCaPC,CALICO,2026-09-07T22:32:50+00:00,False,vJo7X6fHzp7XJvQn688iaq8XqWFh3h1T98QW6ak2iwX,2881.733486348658,8851.430341560754
ESuMgi8iDnXQ9H2h4Mv4v9vv9asv183qEo1JN6EgURRs,POPCAT,2026-09-07T23:24:36+00:00,False,4XoytYjAbxH1zuxpTNpEM6JnxBwLHmsPKj4oSfoLqVAt,2885.95712253471,20919.17195301782
6KiEbQWY1Ybr74BabFMXfjEtE4mCv6zUoqtEkfjZPL5H,yes,2026-09-07T23:30:59+00:00,False,GpWmCjM1dgkKCei8ZkCdjXrKifkKwNfm4bSjNXwtq3b5,3326.0645960142797,33827.183691856415
84dXiVSMGU9TCXEaRisF4jPnHx8WGYwCPYF6xTza3Vdm,yes,2026-09-07T23:31:45+00:00,False,5odDgYyUxAKbGLWY7oKoZLXr3vCtyijQy6gYkyaVrPPs,2891.1814771108525,4693.610669763019
5CMWqriVaaeK8dsJMdeM6SFXMCTtjeranDWebKUfoJJx,yes,2026-09-07T23:43:35+00:00,False,CwyHjAhSYKEWYUFzaLgTXaemjEdUcSZtshRJCYSeFpDB,2921.5182211710858,12415.995629556886
FjCEwaXte2AUhoZrBYZKVRBhz4vKDzdj4VwTNpdRSXu9,BBC,2026-09-07T23:46:39+00:00,False,8QmtaGKrc81iKxQPJV3B38cTtMNtMgDZP4MRQ7E1xVES,2907.176144566079,7807.733918130031
2rSg1bXiYahT4gHHMhQ7emhYiBNvNzN9ttfecmrLFmDj,NA,2026-09-08T00:10:07+00:00,False,6VDmEb4wtSRBfpPDF56NBpnbzsvYn2zEWVmWYbFZLHat,2898.8755760710756,5062.590112412138
Dj7eNBaqX6tA9wbHUqtmV1Gx2HMZ97bCvmbpCQfjmS2S,DESK,2026-09-08T00:10:32+00:00,False,7hiK72npF8JE8pqe8E7tDf2rUwdqqiF7qG3EQLu4VwYZ,2886.0272009439755,5972.324901946585
GkuNSdgw3ET4hyTeURhq9QDLLRTzMsiLjERwkABuSsY8,Casascius,2026-09-08T00:16:40+00:00,False,4VNhGQ5wawKkz8AdbEhkR79gun5HvU9EZ5xiJ3iwaQME,2894.2043958950517,35477.88021641392
BmwGaRZmKZ4u7Nyix9UWftq4Dg4N9X1CaCxtFXek5rpB,Casascius,2026-09-08T00:16:51+00:00,True,9TCZ6JSLq4PMXxbdDYZUmoZvtnQ14VLwdtBDwNAkawrY,2994.0241718954244,65880.82530140578
9e6R692ETpiYdkAVz3mqvwLGde2NhLGteTmKtqGN6sXn,Cryptosphere,2026-09-08T00:19:23+00:00,False,GDKcji2pgUC6EC9x2ModGdx45f4Ge9rS5U1mkfKDhGks,2899.4056044585686,5092.624025834106
AipJN6rapcFcgQbZpmCqM8zhXRkpK1y1TrGFj4MiGbXp,HODL,2026-09-08T00:20:30+00:00,False,9CMj1uusC2TRNZrW8azRtbfcbgGNHsKzBRnVYKwYJPtL,2899.543370607229,5794.69627018504
AuHD3zDAtNA4wQkEG6dM18K5qDDH3wUXzpQ3Gm3uT3Qf,HODL,2026-09-08T00:20:34+00:00,False,4QSKpk4WyNp3Xqp6RBLAo3khvZzJr4JMYKWkZVC2K3QP,2899.543368964152,3435.2514020584754
5b1fQhHj7orGBLrNQb4vJMfovgvTFYwY5znPFo9nwJM,HODL,2026-09-08T00:20:46+00:00,False,G525xJpcMxWiJaRft9h5iDS8NZGtbNKzfUTv9T8W3Han,2909.9349824373335,4798.318893690887
J2rPisJX51H9vJvpjVvnLb5e72HVdLqYvPYhHAmXQCaE,poorlana,2026-09-08T00:21:13+00:00,False,G26KNuDWj76H8kjcmajV8GaRGLto99hf2WbxqTfwfM9S,2899.5433686741976,3294.0104527256767
Fp8qg3MumtSj6vGqv9s8GnnZCo3vSiQ4B2KcDM5asquv,CALLCAT,2026-09-08T00:30:40+00:00,False,5XmKCBAQCQ74u24ucvN4KijuGmFQeGtV4xdyYhu4V4Sf,2893.755826526564,6233.072172098339
4KpLG4Xz2L1FYabgeLBxcFYdX2CYFiL64H3bpiPxs1xY,Russian,2026-09-08T00:39:50+00:00,False,BufLS4xBBix6qDqdk8Gw7Rr1g5SdnyVszZnjZfEEHtzH,2905.219012599767,5081.2957895623085
GiJhUYQoq2zEj5RKhTz8sv8ht62eVJG4WhPTQ4Y2hSVY,Sneki,2026-09-08T01:00:31+00:00,False,6xLpHkBfkPZP9mPNp77CGe3sRnAJqB34GzE87TZWZtrw,2909.636235176522,3984.170287449206
ER8jPtp5UsixwSReRFQBAvoPFDtBMhuRaBtMvktQEMrg,lowkirk,2026-09-08T01:35:15+00:00,False,23KULrJCbnnRsnGoGrC1qzNzBpoUFGUNJkJHb1nZquJV,2912.4883531377072,8972.187637927364
8A2384FG8LPfHuaXs6KnFv7gaAzYvn8f3PhMgwMCq2EH,WWW,2026-09-08T01:56:43+00:00,False,GeGnVodBbceimb8fUPBG3vqeogj29NsULD5PGMZRfiZ9,2911.6608219724844,6291.388722992401
C6peziTKV6EDTYioDjqsPMvj4WNs3F2hStD1HDYmb3CG,MeiMei,2026-09-08T01:58:57+00:00,False,7K1PKhKJiiz4BB1SZtto2vUpLv7oNp6z9D1H5F8RuTLh,2884.2497677775236,4012.0025877426583
8gubirm7yLzQqEpx5piCmCNqpNPvntGVUosuJCsYaBQz,alux,2026-09-08T02:10:16+00:00,False,AnG9SxfmxKYhbFHopzEyuhGkXryGcCzTTCxPxsMDsFhj,2908.308515305959,5686.7406897008905
9oNu5pnhDqWYLeyqHXvqvpi3BYKSdHLKQcMARXrKhrML,DRAW,2026-09-08T02:10:36+00:00,False,F3bsEYBdfVLGjny29QFdjefa39YvSAS7CXYqEorLfRHq,2880.346824694178,4003.1011585940505
8QTDrs2rcVnnossWw9vjVCqPXm23DR33GoxyjSEeyb5f,LOF,2026-09-08T02:21:33+00:00,False,8fGcuoTaLkMSEHbEBdwQUvwxi9ZcVgodNKDS67VXPtJq,2916.8974174313576,10429.980050413453
Dut4qegaiK8tiaGnXrk3E6LkeDeFw9XUuLrd5NpLzhDz,FAITH,2026-09-08T02:21:36+00:00,False,DGwk95uLucswjKBvt5ohXj61kzPcDsMTLLXckrT5oNKL,2917.949220569019,5086.339053546273
G4xmMdhUjWNwiPGCaS74KCSoWtCCH4i5w8aAxnWdn2ag,poorlana,2026-09-08T02:22:42+00:00,False,FsfHU8acnzVtxpX1GqXsPbxdWgsWHgDbDy8Aa7xDpBR1,2884.685432277242,9187.856483749527
Ht6VRr2aFih1rwa3BBSco59KrXuubyaakJKP2BfjJ75z,S&P500,2026-09-08T02:22:57+00:00,False,BZaweDzFwNdQU7DNijCEAYfLTYynk43eAAbXcLGBHjnM,2920.8760496306086,6794.122878779674
68xotiQbtpjWuwQeBJRfwTVUTVJj6UA6Pqqh4HNNv2Mm,S&P500,2026-09-08T02:25:01+00:00,False,6oS5NrkhSuWY5qJqDJo5vEEKgZvRbtmz3vnznYcH82HH,2879.530187206782,5684.600862870943
3z7PxnvFpGPfFxJisC7PTyWZZ2KnUqmK2Eo1aNVEEKNv,ODP,2026-09-08T03:12:56+00:00,False,Hzabjc1ZuRaPVtPC3ZTXRdBuU2pF82QAL7M3Q4XZ1CDJ,2948.6407105097,13301.114233686902
BjmebBt2zhZYw8Hy3gvnbfmGP4ezAjFF9crU3v9hGJN3,LabClaude,2026-09-08T03:32:02+00:00,False,5cgqSRG4Z2oapyEErCWiF7ji4ZJBMnKPc4VXbDgmUrGX,2904.667557403509,8310.374929196092
GrCG5trAeWn3VCHm25uMToRHWuU1sTr1ZqcRKVPe9B3z,Arcaders,2026-09-08T13:29:29+00:00,False,FuRTvtwH7ew2cKoJ1UHyKxgmYFuhvgV5FTaXarJQT2rL,2877.2600211329545,4566.837261870824
Da7zjteqmbAiDGm3SaXjSQ3oD1T965iw4k3ybizss2DC,annualizing,2026-09-08T13:36:58+00:00,False,8dgfri6J13TyFRXAWj2Rf8vwP1w8FHxxyVsnyf9TpbDR,2858.981827035438,3369.0189693360735
3BcG4Rd5Vy8ocsqtfoXhEjquH6k2fv2VzD5ZvoxiUEDe,faucet,2026-09-08T13:37:05+00:00,False,4Bg4aGCUkFf1k3ApLhMiQg8yYSPFaMr6NF5GGg2BN48f,2951.260915468564,15948.541589537883
7ieFM36ExUxr331kMrBzjQTEc2517i6QLaGgqFP4KhHH,DONK,2026-09-08T13:39:34+00:00,False,CGZTPEPiRvArgYvLosUn5r313k1k5774BM7wCHwAFrGp,2916.613037307862,5172.357843101762
AHHQFEwyNQ2MeczFS6ds4rBF4rbBFeVwJgMtwcR1MWsP,SS,2026-09-08T13:39:51+00:00,False,5YHGWRVJooJdCSE4a9EqhzDDDzAJDGVMo2edUBwzNuf9,2855.0717623682795,6281.209552789276
B6ahvd8TxegsKdfpnRdCsWzWybArhpRBxJYkq4aRdUai,Supercycle,2026-09-08T13:39:59+00:00,False,DsWBqqVzuuw42SP7jxWixjBE6u2Jg8stiaYsNLeoPxZ8,2855.0717642716636,5331.125379954658
BSJBxtuNcJVvGGpPAfwC3tbDfPk5y2whbue9xU3cYXRa,beef,2026-09-08T13:45:23+00:00,False,9aXMP7UBPwEWY1Mx4F8o4qhXyesJM8iCFQKsBSt6siUj,2858.616963980982,5010.766021473386
ei6be6orqVpKiHbAiqfC7vwmFhDy6zV2dh3FVFRR8bq,culture,2026-09-08T13:45:34+00:00,False,5LHgKu1FpRpAotzWv9UhCBDYN3grZFjvk6VLbyGq8ey,2845.4524702801837,4735.139940146394
6hEverDrJqrySriFy47pZN5wdGj4kBoC5PdzBiBmkkNW,IEPE,2026-09-08T13:50:48+00:00,False,43LgiEuKyg8rnDNEN6LBsCQKRymGmU3MYE3CybwT8uAq,2854.2698980545447,3359.220586118473
fyfTJcbPJZfc96pUD5hatYCy6yRmjabe2q3oscq8UQA,42,2026-09-08T13:54:09+00:00,False,AqmLEtLyjVEBAV17rxtf1ajMnBdnxuiRvme72rP5Jwrj,2881.3497225690758,3970.7260125423095
7jQQcJ51CCBV7H1Zy3EYyd8UTBCWHTUrc2kjUH7m6pZm,UNITY,2026-09-08T14:08:49+00:00,False,Sbbt7MJLmLMSPZ8aF1bAN2q3g8KYBsrEKykoXvY8FLP,2873.5781209148877,5040.970519056001
9t22zsF3vqPXmcW6H7hcJ5T4rEQLHVwsKL4akJm8G7qn,CayEnne,2026-09-08T14:10:48+00:00,False,DG5nxgST8dzdXNMg64nSHe1RTySVphd1vQLnwT5hsSwR,2903.7547163185536,4896.144328739471
GE4u1YwMYKNc3zqQk9bCio7GSvYkNcPb2B6LeQPCABcv,SolanaLife,2026-09-08T14:13:46+00:00,False,J7SBkYDmhWA2eisUC87KWyrq2ntUasnqYFsdMaCRWYgU,2887.952190193309,4286.7028670662185
4LonnQZNmpXcMddhFKEq9GDi1nUzyS8bLh4ENtPDdaKB,4,2026-09-08T14:14:49+00:00,False,7jhcQHtN9UywCq9baLpdnXq14CcdEd63omW7RrPsLZ5v,2885.246527293765,13590.023828113674
DsvfR7FdoSBhwqJ1WJJUzwSAFVt9BSCxvrpphLd2BJ3q,UNITY,2026-09-08T14:16:41+00:00,False,43XSi4zNcoRTHVfSKE6ThLxUaxS746Fvd37PE3nc9fC2,2903.365270572622,16170.88618629995
TMHM44gsbdeQpap6HgrGHMzYyffY8v4KKfn1EvMYUMX,UNITY,2026-09-08T14:16:50+00:00,False,5KKZDnWVsSTbDvu7hGQxEJW1cNKrQG7Ccs4gW6jwAn9g,2906.5170854969892,6855.420105968678
6gU8BpReVQgsLohBaRXUVkqibEZJovb9v5TA2ceHnugG,Trenchlife,2026-09-08T14:17:19+00:00,False,HQvEX8bEJeF6YmX9qu7HasBRQjLDCgcToP1mFVZ6yvBh,2906.6009632180417,5337.348886106158
3TR5kTcHp5U4LZPvFBxrDFSMF5HQg6zWj1HFaQ5piSby,Hitler,2026-09-08T14:18:29+00:00,False,DMZmhMEWEnP5ZniZA1MZKJLCuX14rRbXdjCGNuSuFEjf,2898.5197957603923,8714.588714480791
ECSaYPo3Ldnob4MuiuSVYUsT9VbMzeBPqqxcr44Wiqxw,HITLER,2026-09-08T14:19:14+00:00,False,2JYwgo71QRzoZwhD8ATpafutN6LtHfGdC7wxHUwVRFLV,2902.4923613723663,4293.202105442056
2j9KU8jSNvjNnXqEmu3os6ThqeDEjPNJU5qw1QUX5CZu,CayEnne,2026-09-08T14:22:11+00:00,False,FFotjLZ1jkizwXBwvSmDqbQYkVT56kSNPjcoweNzyGhq,2894.904239818715,4114.397989588963
8RnU4iMBwvYqLjRC4LsqCxBgPVY5uE1eJNG1L6nAKj7u,BLEP,2026-09-08T14:23:51+00:00,False,63RWGnEDVocuqdT1fLAZAJAiqrj1iLB81n4KBYevtaxf,3378.6037468823442,22515.264559961877
HvPV91Rubdyexzh8mSn2Acnuk5Ty4Fdf3w9g8r6s3hXh,Matcha,2026-09-08T14:26:09+00:00,False,y8RLGWj5zg8tvz3MLqj4cT79NGMugvCwkpapSYGWBoV,2907.084658121544,5474.625473733205
GJYypz3wZ7VC9BcJibrV3wDAFexm27R9bb1Ra5NKqP5b,Pusheen,2026-09-08T14:28:01+00:00,False,HzpYAtHy2KQL2sysYbJEqYgx8tFPCZN67iP4dxB2UWoG,2901.733927931449,5742.432603180298
FRhdTV2CCYhzSMmox25GaYNnUAsfrPHDqsLcowFdPvjA,Pusheen,2026-09-08T14:29:04+00:00,False,AfPyNY9s8g73AMguMqWSYLmTbKqRzgpojtSPYPDCKHF5,2895.688769279368,4669.030994038625
Bgv5WVZ6xVxNSvsGn8xJKd5WRWsm49VHTT1ectBDDTp8,MID,2026-09-08T14:37:09+00:00,False,FJ1MPwRngCmG1Lx4kmwqGWWTy42WPU5K9DCrYQub3W7y,2891.773600041836,6305.570188867522
DpY7peqTXpuuZoDh1v3od74A4JRyDschYTtMkiWcCnBL,PEAQ,2026-09-08T15:09:07+00:00,False,GrKYAMHkurktnZ71Q7KcUbS2f2KLWpF1CiESYTmDiR7t,2909.506341659705,10549.32768216162
9a9zVBazTQydvpnTyuZiyu6pgfZywSp8fLCzp9K46n1y,AI&R6900,2026-09-08T15:09:52+00:00,False,EyYee7Cxy3G4zoCHGs9cturNKzEWaMvKEAFdvHaJaAWu,2907.0714992826342,7999.538910653012
H31WMCHcVE94qXpFsoef9qujeRFC69oMYPSjtRpgGjPN,Woon,2026-09-08T15:12:17+00:00,False,HP3Vxm3ddFRDHqkZf12qk1HmUYpqhQhtL6Vge5tbCam5,2903.2392286813392,5694.621287309917
5mu7YBBbgi29wdzZb1R8tofumaDLH96owUi6SyZ2Vg2Z,PEAQ,2026-09-08T15:13:51+00:00,False,DWvygYyRt1D9B2dDcYKzQ8PjFqvYa3aA4Fp2MTB85Sr1,3203.2335414655904,11560.81204888476
E3Zatd4hcR94Gqi1vQJyVQCQpBkYTp4J1UC3wyFNcec8,course,2026-09-08T15:18:13+00:00,False,6e2J5LY5oQ2ENXpBqsdBZSLAKeohFKwc1HQT6iECJLBg,2895.77027123553,5100.114122881366
DLs3f5ACev73FbPLC2yZ7icj82XXL8WNHySiK4V5LpF9,AMD,2026-09-08T15:20:43+00:00,False,DcP58RnaJYUtLeYjufF99bYJB57zPKLxUDdajhHDh5nQ,3211.0887487271752,15579.817262342778
DBoopxXVoce8FxVZX5bqmfskjvg6ekScXRmv1w9BfNXd,RAM,2026-09-08T15:26:24+00:00,False,Z3xXH2aqcWJxDWMjFiXbA2FtWf4bgTmDHm5FNcb6mfu,2908.476250490903,8908.78104661223
9uQAugsX8HfMpED8pz7gjKXWcZeq8R6ZugBehzTUoakN,RAM,2026-09-08T15:27:06+00:00,False,BT49z3sdweGSX4ebBeMV5rXVHJZaMenpvaqdh4v28Nie,2891.6840644340027,4111.13529841562
D4SGwUqkzEoJVcVRvqVdJx2jdYpmBvmwCf8iGAwyFSHs,CPU,2026-09-08T15:27:43+00:00,False,HCLmTeXZ14zhnNdzBTiqwXpGKKieRc2xiVhdUr5gNWy1,2904.176652567269,5713.255668642116
AuenZUsehjxHTvWQKfstFMuCVsRTYzP22BFDeVVBTaJW,WEN,2026-09-08T15:27:51+00:00,False,GhcMUMhRTA5hop7RAhW2jWWbAgR39hzTN7e3WhhGuE1D,2891.9085890268725,7039.8925681583305
5JykbgAZVe28G6hskq2bdt8neWwFLkrWuxXmrM5Gxcrt,Wen,2026-09-08T15:28:31+00:00,False,4nE4Gp3xvXsohLfNix6zVzHx6GNmYdQJiE8YQ3JsFQqL,2897.058504091599,11034.229265771595
3TwPCTVEQkMJjK58JMCGwhh4H8UnyKc7AMae6JhRyvA6,Wen,2026-09-08T15:28:44+00:00,True,CjRBdFPotekAJmUtxVFDade4oqUsxoYnqSzjDiFMnU5Z,2529.73619793331,61395.073232101975
2Wsbsf36PA2wRio9LP1s7EYAReF9158FDC4L2mPh6ryM,DOG,2026-09-08T15:29:32+00:00,False,5reBEDGJU8Tz4z9P9U96xZox6EoFrj7cpQywqdCbHRKk,2903.735789060309,4051.402710153081
85CMSYktMxjwSqeuyW1V5jxyZPV2nvq6GWnW5kyg6idV,drone,2026-09-08T15:30:36+00:00,False,A9n5U2bWvn2Y6d1vrBiXqsRbpsq185noLZDJikuiDGMm,2900.7707376071935,5188.803682570789
2iwuFQvC2py2SV3q4W6xBmpqx7fFqqZSZsw6zfHik1dd,PRAXIS,2026-09-08T15:35:36+00:00,False,BUA2zbkvrDuHuhSnFxcUsYvpw9195twJjp7aPF4WU1Qy,2904.198645955649,5650.429173289674
BgzJPucoZQdfgnxgWNZjwDMw7AztRkRiaZpYFmF3pGJy,Bintang,2026-09-08T15:40:53+00:00,False,RopEqHByV8qe59jB2veUXjtkvP1ywiUePZDe9o9Ng6j,2902.1742809183934,5178.0706620317105
4MX2w8S8whHyNut6oM2PXUYDtyeP64SHQnR2t43CUViK,COLLECTIBLE,2026-09-08T15:42:01+00:00,False,6GoXXgQHSSwi1dm9EwWbx6FxTqFkbbfkaTzDBwaQdPpP,2902.435049376086,8443.882906238547
APjLApf6EhZ7Dc4bX2AiUv92BMwUXEDw5EzQbo5JUwVj,NUTFLIX,2026-09-08T15:51:56+00:00,False,4qGEVTr2kJWvQyWqQmBQdzMKg37yoVbfgx4ojweRKBxw,2913.208369027301,8833.388338115583
GkPrPCX1Puy8fswXoBRUFMVShW6aqWpF3NaEcPnF5SV1,NUTFLIX,2026-09-08T15:52:21+00:00,False,E7wsWK9YYRUbSpqMt18yz5PQ5gfoXAxWYhDYpctqYa63,2907.1570611529232,5783.795296317655
CktrhBzNfwkqp1BHhBZo7HmWTAuKW2z5o4NGxVM8drFh,Druke,2026-09-08T15:54:51+00:00,False,WKgMTwbdLo3wjmKZQ1B7MpaC1QyEt8L58aWkkyczoEA,2913.0447370113025,6531.722591906943
F1euhKVZKXgXwa4J1uDMKaCS5xRa1FADVMWPDnzyQVbt,CHIPPY,2026-09-08T15:56:44+00:00,False,FMwseBTcnkAUe5QD9qRBvEAjsBwPDiVVDNWrTzNkWacQ,2907.157057470547,4040.966695026999
Di7kdM6TXanWytCQCSgZ8xUiPcNdEAN7veTWqoFq1Nm8,DATACENTER,2026-09-08T15:59:01+00:00,False,9GNfRdNzA1GUpwMRwEBhHhi7CWiLqerD2P2uemJsHdtd,2902.4454816074403,6522.134299270528
25MsTGbqCCnjKTgrE8SL7gJsNjJ5v3dJVyeSKVEgPS1e,DATACENTER,2026-09-08T15:59:11+00:00,False,1wYWj4mipPt9CKQaHvmhcHGamKxUi1jX43o7CShqgte,2907.7828704089193,5696.756070794528
8ok5JkkT8euoRXD3h2R2hZrLt1KU4y1jkVdwpHRqmgfE,Poppy,2026-09-08T16:04:00+00:00,False,AuYBtE7TnuHW2dtimaxsk8vqJHtpmKoxrh4ivSvTFqMp,2908.740449186098,5664.321461910997
sx1H3moxWYyLbSmuKtUkJGL5zFw9JBEBTCnGDJBS3q1,milly,2026-09-08T16:06:15+00:00,False,9tno4dvN4d24erP6Dhbcg6eiHpLbmcBqm62tVsXm5fet,2915.99021532428,3976.478047035274
7kAnbKpv3RRXWxKhocZUdruwcnK2WUh179KCHCgCUvSP,biscuit,2026-09-08T16:06:36+00:00,False,99uYP9kh45hXY4b8aBkoKm1ZZadouCQQJZBeHpk3Z6LA,2905.498605827477,5089.5217548763985
H69wazVgLLj1GYYSJtF6H1GFcYwAjTk6PniwcvdVZBe1,BULLISH,2026-09-08T16:12:14+00:00,False,jUnZYKkCjB6LQhxdp36qk8pJLbTE6WWWMernrcxhRhU,2898.90167956884,5704.904420042733
CbFthp4YNx7dHac81pDCU5thZvkBjtZtXaooLoqeJwxJ,loner,2026-09-08T16:17:16+00:00,False,96yz2zx4GBiKaaHevcVdWcnTzX2MmvT11nqK41CBaDZH,2909.133278281163,22183.06469780338
2sJhyxfa83ddFCEtQpbeJTZwTZH9uwd8oqVwvUNcCSQ5,72X,2026-09-08T16:17:36+00:00,False,3hPsLPHLbiRwir8drBLgUYJmyuTvNLd2FB834VcZhSvZ,2905.19595001322,17271.975636219806
77otWi674TURL8D3S1jqxZgGxDkBQhP7CceSgiPdSkLi,72X,2026-09-08T16:17:38+00:00,False,2fSvfFaBFt2Wr3AQxzvr2rjr6E9PjpQ8vtScJjRz1Ggb,2898.282389891727,13821.983282112289
75KV94pAygPsg9CBLPRHWvFf58qPFrHj1LQFmvWFLDzd,72X,2026-09-08T16:17:58+00:00,False,2KWCe2pJtNZ3KVfbAxsDM4rhdCav5i1hhdrhrNeVjucq,2906.8043355564764,7353.942837071463
DT21cMAzKJZ2KZbWsmHgawqxNnmQtRmiNBXpSU6CTyc2,Pillies,2026-09-08T16:19:11+00:00,False,9B7XaHvK1vQd3xetafbytijE4GWw57Pe8vN7it7GwZr1,3093.3568132887185,17996.717994329993
GgTw8nVmKq5A7bQkH6hZ1L9zE3wS1kSaJmRjvM511P3X,ETD,2026-09-08T16:20:39+00:00,False,3UcY48xE1yZHmPatwQtK2v7YhziWZS3nhm3BRQja2nht,2910.1733744945163,5655.445994217653
ABZzuUth1whaZBMyKRTKmgVjMDYEvVvUKoVDQqZ1HkW1,Reese,2026-09-08T16:20:54+00:00,False,EY1zkNg6xDWFQrfN1NY9U3hTXLDxGAGu6uEgoBSHsJWY,2897.4324338811484,5050.219130558086
AcqmoFk8uhN2TNpjywNgoCAxeBoSUmHgSoSJYxQjyjzZ,STONKS,2026-09-08T16:21:24+00:00,False,4edDL5rCpP6v2DuqqNiWSdN2G8UN4QVMDTwz2WGd2VaU,2915.888827015396,5640.598797762737
89KQtM1ot9qKBPeeKj1tPULS15vMrKcHjb2yb2VMd8tH,poop,2026-09-08T16:22:22+00:00,False,6cjtzikAd9XzBCQqP2Ejk7uVHHy7dnd9SPmPDQT4RkSy,2900.932898899146,5641.65447366787
Fdki4ego5FykAsa5Xv8QfHQPoSomc4uNL5cDx7i1BMEg,poop,2026-09-08T16:22:31+00:00,False,B1Ttbz5fAH89uLzpRjR4FR65eLvM51zm8EQ1gnMpfhcS,2900.9328989958435,4797.188301821454
2VVZwutPoBSaT84uuXHvX9vCb2oZqFXYUyDmNV21jPc7,ROI,2026-09-08T16:23:27+00:00,True,DfAAss1krJHryAt4RH2yJ8RAagnS2vxMEHTdanExXX2A,3325.3840973654824,93577.62571425844
3QybBfjxwBqAfwAw18F3mMSPW5uz2ePiTBnHTsegeRSF,POLY,2026-09-08T16:25:43+00:00,False,GYMpgE7UVgVNFnNdZsrN3D2KM1etN1PmVE6GijQVk2uU,2919.5132826546665,6509.623777467482
DVaFhZAab9quJyWtR9jUcfuR6NGC2nTPUz3Q3kH3eMH1,Tick,2026-09-08T16:26:54+00:00,False,DF8WQdsPv6NL7CWghWcTuve3qWZJCARLcG842Dy4DHj1,2912.488351681463,6040.7966425644545
39BpjuXWX7J2NcvSatpGGJ5fSLHN378Jui4DDjW5DyKU,INVESTOR,2026-09-08T16:36:40+00:00,False,488GupjgVXEe59r2mSefh9qSfWW89yoW2XWXrnxNrWWw,2917.4160663992,5272.701624153254
BYeRBTFzyY6GnuKJUaaWio3cVdUPNcJGyTguZkKr71xY,2CENT,2026-09-08T16:40:19+00:00,False,6pS3D8SM9vwoS2FeohLtsbLJ8is2YuC9vLrxB2xZVhLs,2920.15393049394,4843.098919399633
7ciC3Su4ZJ3fJUU2R1JQYeHbn5NcrZX2Ni7FmKHnmZb7,BRETT,2026-09-08T16:41:16+00:00,False,9Jkx2w9PhcMSmEhVSNy66jf6DxSYVc9k6cLFDy6a1hep,2914.344468444865,4055.1071951939
8LHDVtsy4F4drBoq2NEZMnHgygfqMqYB1mixdircmP2m,wizard,2026-09-08T16:42:00+00:00,False,AcSz2Z2i8KbWyh1pHpBFMUffFqnLcfccqiejRULe1wxy,2917.8005596661696,5486.203559134846
AFGY5ckjSiyjBQUbnwjfxAHu1E1FbG1ciCyBGR3z3T9C,PAGER,2026-09-08T16:42:57+00:00,False,92p12WzfwDuiy8cmjQz4eTAw5Nvr5P6mTxu6nvrkTQJG,2911.851948696041,6837.287646588436
J6Six8GAJKFVb5oAn9J5YbaYHGY1mFWPLf1YbNe4TQ8i,Grace,2026-09-08T16:55:19+00:00,False,7EtfTnPYRbyQSDCVHpyh85DCK6b67nfoSEReaNhdR8dd,2913.88630145301,8020.589759531376
9W5TsmWRyKLRHVJ9YkADPX27q8c21eCuST5Y3A7vu9Md,thicclana,2026-09-08T17:04:37+00:00,False,4M8m8yafV9tkz3CSpvYz3U854bWZxqnSCCkY81xwCjVF,2908.401632602339,4058.0009334736615
FNmd1DafKFXi66bitRpMYjHoBYzfTttZGRpTPv9a5sgM,FatCat,2026-09-08T17:11:56+00:00,False,7nVvFdJCNZMBwTEBxyvmGKoCcuzSsXMwsKeeo4gGuQPX,2919.1981748848675,6243.851574856985
8QsDHJaFu5h9dT9XhNHmsxGJv4qdQKWtKLEPs4C7jh8R,ZARATHUSTRA,2026-09-08T17:12:33+00:00,False,CXTekBTezb6a3dP6wZQafUhJsoRMVH92U23FgHMrSVJj,2907.3881069821423,6377.409898878878
62hELP9tMqZpSTg2mpwpE1YW4ohmfKEncob6uVJuCBpA,MESSI,2026-09-08T17:15:30+00:00,False,AALaxQMmcCYKk17UZEe9CGvfk3eoRN8rudUgzbBG6V9n,2908.2299034818925,4686.031188091835
DDZpqNMtbSciWf86ixYVUAAerfo7oKSt1DuDZLEmM4x2,pulymerket,2026-09-08T17:15:48+00:00,False,4YqL2ww2sQrPfMdYaBUwYTNWbpMnHBcHpdU3pFJnDzFT,2908.2299055176536,5065.939376586322
6uunVjeZMTe6gPccpVxVMCyMhHZypwCfe1Y8yip5PkzN,MCAT,2026-09-08T17:21:41+00:00,False,JAxy5J2UeULBZTnmD6KpAWsSUvet5XC8cLT3uXRjqTJ6,3346.828857859043,25501.019307573806
Ujd8gxKt7SfdXh4jfy1yaLhwE9DtVqXM4UxTGkuinX5,MCAT,2026-09-08T17:23:14+00:00,False,Atm6JGS7hTmYYvCzCc3VaCW426vnLkWyVRBbHo7s6Q1J,3050.7121733890594,8052.046963710546
EL9wi2ETJmkRzXeVfjBAVfaRAsqtA8KPZggVy5zYXLff,MCAT,2026-09-08T17:24:00+00:00,False,2gUzNsWaZstLV58UnuBc8QeZzK8YZtTBwDXPRbxhzjVR,2913.1732658969604,6420.606736151007
CXBSMKhKcGZ47RXT8tFsVFNc7askWpN9BqpxyZabDQu4,Chudfish,2026-09-08T17:25:06+00:00,False,8R3wAgFrGnMoDh7dDAijuwxpwWSPbf7Gu4aRpcCm3P3d,2971.7752355458965,12203.888020117527
6vkLEv3r7JPd7oAH6wcJpAC2shva3y3YPdtwn9CBynWx,MBIRD,2026-09-08T17:27:53+00:00,False,B8HWvWrviFPBxbz5RU5s6fJFyGQd7C2jEADD7VD9C8g8,2915.1656732187685,6389.289242425742
DohbLEXzNjewZctAJarsaoqxxWVo5Q9hp5BvhvU63WxJ,ROCKY,2026-09-08T17:31:51+00:00,False,FfApHxBcbChDYcCupVe5W38pwQhrD6crdnfAgnsXJEbU,2902.326922528275,6480.2933142539305
CjMCNtoHVnzxNtztKyoiTyaYVnwcpkmN9CyRDr2r6jPE,Luke,2026-09-08T17:33:48+00:00,True,AWnSmp1vyRfRubmYUXT3NtscuhQP49BaVU7E9dLR81NF,87608.55740486667,94141.52366062794
3PRBu5w8KcTtmyANmuS2D63b9TpiiBJbD1hdjFgHhHUy,OG,2026-09-08T17:37:13+00:00,False,Cmz7jqqm7tRtG52HRgiWP6LXWh6fRX3hN32Ds3U2ZkC6,2903.048498699433,3412.200788842785
EvsUm7RPAxzPk6SS31jkX524VuuVW4cY98CrCNwMpfY8,Chad,2026-09-08T17:38:40+00:00,False,F5XkcBjfKA8nKSP6y8DcT5NcmnhTpzCsXVpFhXi7UETw,2954.4211210598805,10632.630923670176
